/****** Object:  StoredProcedure [dbo].[POS_USP_R_MOP]    Script Date: 12/22/2021 4:48:48 PM ******/
IF  EXISTS (SELECT * FROM sys.objects WHERE object_id = OBJECT_ID(N'[dbo].[POS_USP_R_MOP]') AND type in (N'P', N'PC'))
DROP PROCEDURE [dbo].[POS_USP_R_MOP]
GO
/****** Object:  StoredProcedure [dbo].[POS_USP_R_LOAD]    Script Date: 12/22/2021 4:48:48 PM ******/
IF  EXISTS (SELECT * FROM sys.objects WHERE object_id = OBJECT_ID(N'[dbo].[POS_USP_R_LOAD]') AND type in (N'P', N'PC'))
DROP PROCEDURE [dbo].[POS_USP_R_LOAD]
GO
/****** Object:  StoredProcedure [dbo].[POS_USP_R_ITEMMRPLIST]    Script Date: 12/22/2021 4:48:48 PM ******/
IF  EXISTS (SELECT * FROM sys.objects WHERE object_id = OBJECT_ID(N'[dbo].[POS_USP_R_ITEMMRPLIST]') AND type in (N'P', N'PC'))
DROP PROCEDURE [dbo].[POS_USP_R_ITEMMRPLIST]
GO
/****** Object:  StoredProcedure [dbo].[POS_USP_R_ITEMCODES]    Script Date: 12/22/2021 4:48:48 PM ******/
IF  EXISTS (SELECT * FROM sys.objects WHERE object_id = OBJECT_ID(N'[dbo].[POS_USP_R_ITEMCODES]') AND type in (N'P', N'PC'))
DROP PROCEDURE [dbo].[POS_USP_R_ITEMCODES]
GO
/****** Object:  StoredProcedure [dbo].[POS_USP_R_GETNEXTBILL]    Script Date: 12/22/2021 4:48:48 PM ******/
IF  EXISTS (SELECT * FROM sys.objects WHERE object_id = OBJECT_ID(N'[dbo].[POS_USP_R_GETNEXTBILL]') AND type in (N'P', N'PC'))
DROP PROCEDURE [dbo].[POS_USP_R_GETNEXTBILL]
GO
/****** Object:  StoredProcedure [dbo].[POS_USP_R_DRAFTBILLS]    Script Date: 12/22/2021 4:48:48 PM ******/
IF  EXISTS (SELECT * FROM sys.objects WHERE object_id = OBJECT_ID(N'[dbo].[POS_USP_R_DRAFTBILLS]') AND type in (N'P', N'PC'))
DROP PROCEDURE [dbo].[POS_USP_R_DRAFTBILLS]
GO
/****** Object:  StoredProcedure [dbo].[POS_USP_R_BILL]     Script Date: 12/22/2021 4:48:48 PM ******/
IF  EXISTS (SELECT * FROM sys.objects WHERE object_id = OBJECT_ID(N'[dbo].[POS_USP_R_BILL] ') AND type in (N'P', N'PC'))
DROP PROCEDURE [dbo].[POS_USP_R_BILL] 
GO
/****** Object:  StoredProcedure [dbo].[POS_USP_FINISH_BILL]    Script Date: 12/22/2021 4:48:48 PM ******/
IF  EXISTS (SELECT * FROM sys.objects WHERE object_id = OBJECT_ID(N'[dbo].[POS_USP_FINISH_BILL]') AND type in (N'P', N'PC'))
DROP PROCEDURE [dbo].[POS_USP_FINISH_BILL]
GO
/****** Object:  StoredProcedure [dbo].[POS_USP_DRAFT_BILL]    Script Date: 12/22/2021 4:48:48 PM ******/
IF  EXISTS (SELECT * FROM sys.objects WHERE object_id = OBJECT_ID(N'[dbo].[POS_USP_DRAFT_BILL]') AND type in (N'P', N'PC'))
DROP PROCEDURE [dbo].[POS_USP_DRAFT_BILL]
GO
/****** Object:  StoredProcedure [dbo].[POS_USP_D_BILLDETAIL]    Script Date: 12/22/2021 4:48:48 PM ******/
IF  EXISTS (SELECT * FROM sys.objects WHERE object_id = OBJECT_ID(N'[dbo].[POS_USP_D_BILLDETAIL]') AND type in (N'P', N'PC'))
DROP PROCEDURE [dbo].[POS_USP_D_BILLDETAIL]
GO
/****** Object:  StoredProcedure [dbo].[POS_USP_CU_BILLDETAIL]    Script Date: 12/22/2021 4:48:48 PM ******/
IF  EXISTS (SELECT * FROM sys.objects WHERE object_id = OBJECT_ID(N'[dbo].[POS_USP_CU_BILLDETAIL]') AND type in (N'P', N'PC'))
DROP PROCEDURE [dbo].[POS_USP_CU_BILLDETAIL]
GO
IF  EXISTS (SELECT * FROM sys.foreign_keys WHERE object_id = OBJECT_ID(N'[dbo].[FK__UOM__BASEUOMID__5DCAEF64]') AND parent_object_id = OBJECT_ID(N'[dbo].[POS_UOM]'))
ALTER TABLE [dbo].[POS_UOM] DROP CONSTRAINT [FK__UOM__BASEUOMID__5DCAEF64]
GO
IF  EXISTS (SELECT * FROM sys.foreign_keys WHERE object_id = OBJECT_ID(N'[dbo].[FK__UOM__BASEUOMID__5CD6CB2B]') AND parent_object_id = OBJECT_ID(N'[dbo].[POS_UOM]'))
ALTER TABLE [dbo].[POS_UOM] DROP CONSTRAINT [FK__UOM__BASEUOMID__5CD6CB2B]
GO
IF  EXISTS (SELECT * FROM sys.foreign_keys WHERE object_id = OBJECT_ID(N'[dbo].[FK__UOM__BASEUOMID__5BE2A6F2]') AND parent_object_id = OBJECT_ID(N'[dbo].[POS_UOM]'))
ALTER TABLE [dbo].[POS_UOM] DROP CONSTRAINT [FK__UOM__BASEUOMID__5BE2A6F2]
GO
IF  EXISTS (SELECT * FROM sys.foreign_keys WHERE object_id = OBJECT_ID(N'[dbo].[FK__TBLUSER__ROLEID__5AEE82B9]') AND parent_object_id = OBJECT_ID(N'[dbo].[POS_TBLUSER]'))
ALTER TABLE [dbo].[POS_TBLUSER] DROP CONSTRAINT [FK__TBLUSER__ROLEID__5AEE82B9]
GO
IF  EXISTS (SELECT * FROM sys.foreign_keys WHERE object_id = OBJECT_ID(N'[dbo].[FK__TBLUSER__REPORTI__59FA5E80]') AND parent_object_id = OBJECT_ID(N'[dbo].[POS_TBLUSER]'))
ALTER TABLE [dbo].[POS_TBLUSER] DROP CONSTRAINT [FK__TBLUSER__REPORTI__59FA5E80]
GO
IF  EXISTS (SELECT * FROM sys.foreign_keys WHERE object_id = OBJECT_ID(N'[dbo].[FK__REFUND__UPDATEDB__59063A47]') AND parent_object_id = OBJECT_ID(N'[dbo].[POS_REFUND]'))
ALTER TABLE [dbo].[POS_REFUND] DROP CONSTRAINT [FK__REFUND__UPDATEDB__59063A47]
GO
IF  EXISTS (SELECT * FROM sys.foreign_keys WHERE object_id = OBJECT_ID(N'[dbo].[FK__REFUND__DELETEDB__5812160E]') AND parent_object_id = OBJECT_ID(N'[dbo].[POS_REFUND]'))
ALTER TABLE [dbo].[POS_REFUND] DROP CONSTRAINT [FK__REFUND__DELETEDB__5812160E]
GO
IF  EXISTS (SELECT * FROM sys.foreign_keys WHERE object_id = OBJECT_ID(N'[dbo].[FK__REFUND__CREATEDB__571DF1D5]') AND parent_object_id = OBJECT_ID(N'[dbo].[POS_REFUND]'))
ALTER TABLE [dbo].[POS_REFUND] DROP CONSTRAINT [FK__REFUND__CREATEDB__571DF1D5]
GO
IF  EXISTS (SELECT * FROM sys.foreign_keys WHERE object_id = OBJECT_ID(N'[dbo].[FK__REFUND__BILLDETA__7A3223E8]') AND parent_object_id = OBJECT_ID(N'[dbo].[POS_REFUND]'))
ALTER TABLE [dbo].[POS_REFUND] DROP CONSTRAINT [FK__REFUND__BILLDETA__7A3223E8]
GO
IF  EXISTS (SELECT * FROM sys.foreign_keys WHERE object_id = OBJECT_ID(N'[dbo].[FK__ITEMPRICE__UPDAT__2A164134]') AND parent_object_id = OBJECT_ID(N'[dbo].[POS_ITEMPRICE]'))
ALTER TABLE [dbo].[POS_ITEMPRICE] DROP CONSTRAINT [FK__ITEMPRICE__UPDAT__2A164134]
GO
IF  EXISTS (SELECT * FROM sys.foreign_keys WHERE object_id = OBJECT_ID(N'[dbo].[FK__ITEMPRICE__ITEMC__29221CFB]') AND parent_object_id = OBJECT_ID(N'[dbo].[POS_ITEMPRICE]'))
ALTER TABLE [dbo].[POS_ITEMPRICE] DROP CONSTRAINT [FK__ITEMPRICE__ITEMC__29221CFB]
GO
IF  EXISTS (SELECT * FROM sys.foreign_keys WHERE object_id = OBJECT_ID(N'[dbo].[FK__ITEMPRICE__GSTID__282DF8C2]') AND parent_object_id = OBJECT_ID(N'[dbo].[POS_ITEMPRICE]'))
ALTER TABLE [dbo].[POS_ITEMPRICE] DROP CONSTRAINT [FK__ITEMPRICE__GSTID__282DF8C2]
GO
IF  EXISTS (SELECT * FROM sys.foreign_keys WHERE object_id = OBJECT_ID(N'[dbo].[FK__ITEMPRICE__DELET__2739D489]') AND parent_object_id = OBJECT_ID(N'[dbo].[POS_ITEMPRICE]'))
ALTER TABLE [dbo].[POS_ITEMPRICE] DROP CONSTRAINT [FK__ITEMPRICE__DELET__2739D489]
GO
IF  EXISTS (SELECT * FROM sys.foreign_keys WHERE object_id = OBJECT_ID(N'[dbo].[FK__ITEMPRICE__CREAT__2645B050]') AND parent_object_id = OBJECT_ID(N'[dbo].[POS_ITEMPRICE]'))
ALTER TABLE [dbo].[POS_ITEMPRICE] DROP CONSTRAINT [FK__ITEMPRICE__CREAT__2645B050]
GO
IF  EXISTS (SELECT * FROM sys.foreign_keys WHERE object_id = OBJECT_ID(N'[dbo].[FK__ITEMCODE__UPDATE__25518C17]') AND parent_object_id = OBJECT_ID(N'[dbo].[POS_ITEMCODE]'))
ALTER TABLE [dbo].[POS_ITEMCODE] DROP CONSTRAINT [FK__ITEMCODE__UPDATE__25518C17]
GO
IF  EXISTS (SELECT * FROM sys.foreign_keys WHERE object_id = OBJECT_ID(N'[dbo].[FK__ITEMCODE__ITEMID__245D67DE]') AND parent_object_id = OBJECT_ID(N'[dbo].[POS_ITEMCODE]'))
ALTER TABLE [dbo].[POS_ITEMCODE] DROP CONSTRAINT [FK__ITEMCODE__ITEMID__245D67DE]
GO
IF  EXISTS (SELECT * FROM sys.foreign_keys WHERE object_id = OBJECT_ID(N'[dbo].[FK__ITEMCODE__FREEIT__236943A5]') AND parent_object_id = OBJECT_ID(N'[dbo].[POS_ITEMCODE]'))
ALTER TABLE [dbo].[POS_ITEMCODE] DROP CONSTRAINT [FK__ITEMCODE__FREEIT__236943A5]
GO
IF  EXISTS (SELECT * FROM sys.foreign_keys WHERE object_id = OBJECT_ID(N'[dbo].[FK__ITEMCODE__DELETE__22751F6C]') AND parent_object_id = OBJECT_ID(N'[dbo].[POS_ITEMCODE]'))
ALTER TABLE [dbo].[POS_ITEMCODE] DROP CONSTRAINT [FK__ITEMCODE__DELETE__22751F6C]
GO
IF  EXISTS (SELECT * FROM sys.foreign_keys WHERE object_id = OBJECT_ID(N'[dbo].[FK__ITEMCODE__CREATE__2180FB33]') AND parent_object_id = OBJECT_ID(N'[dbo].[POS_ITEMCODE]'))
ALTER TABLE [dbo].[POS_ITEMCODE] DROP CONSTRAINT [FK__ITEMCODE__CREATE__2180FB33]
GO
IF  EXISTS (SELECT * FROM sys.foreign_keys WHERE object_id = OBJECT_ID(N'[dbo].[FK__ITEM__UPDATEDBY__208CD6FA]') AND parent_object_id = OBJECT_ID(N'[dbo].[POS_ITEM]'))
ALTER TABLE [dbo].[POS_ITEM] DROP CONSTRAINT [FK__ITEM__UPDATEDBY__208CD6FA]
GO
IF  EXISTS (SELECT * FROM sys.foreign_keys WHERE object_id = OBJECT_ID(N'[dbo].[FK__ITEM__UOMID__1F98B2C1]') AND parent_object_id = OBJECT_ID(N'[dbo].[POS_ITEM]'))
ALTER TABLE [dbo].[POS_ITEM] DROP CONSTRAINT [FK__ITEM__UOMID__1F98B2C1]
GO
IF  EXISTS (SELECT * FROM sys.foreign_keys WHERE object_id = OBJECT_ID(N'[dbo].[FK__ITEM__PARENTITEM__1DB06A4F]') AND parent_object_id = OBJECT_ID(N'[dbo].[POS_ITEM]'))
ALTER TABLE [dbo].[POS_ITEM] DROP CONSTRAINT [FK__ITEM__PARENTITEM__1DB06A4F]
GO
IF  EXISTS (SELECT * FROM sys.foreign_keys WHERE object_id = OBJECT_ID(N'[dbo].[FK__ITEM__DELETEDBY__1CBC4616]') AND parent_object_id = OBJECT_ID(N'[dbo].[POS_ITEM]'))
ALTER TABLE [dbo].[POS_ITEM] DROP CONSTRAINT [FK__ITEM__DELETEDBY__1CBC4616]
GO
IF  EXISTS (SELECT * FROM sys.foreign_keys WHERE object_id = OBJECT_ID(N'[dbo].[FK__ITEM__CREATEDBY__1BC821DD]') AND parent_object_id = OBJECT_ID(N'[dbo].[POS_ITEM]'))
ALTER TABLE [dbo].[POS_ITEM] DROP CONSTRAINT [FK__ITEM__CREATEDBY__1BC821DD]
GO
IF  EXISTS (SELECT * FROM sys.foreign_keys WHERE object_id = OBJECT_ID(N'[dbo].[FK__GSTDETAIL__UPDAT__52593CB8]') AND parent_object_id = OBJECT_ID(N'[dbo].[POS_GSTDETAIL]'))
ALTER TABLE [dbo].[POS_GSTDETAIL] DROP CONSTRAINT [FK__GSTDETAIL__UPDAT__52593CB8]
GO
IF  EXISTS (SELECT * FROM sys.foreign_keys WHERE object_id = OBJECT_ID(N'[dbo].[FK__GSTDETAIL__UPDAT__5165187F]') AND parent_object_id = OBJECT_ID(N'[dbo].[POS_GSTDETAIL]'))
ALTER TABLE [dbo].[POS_GSTDETAIL] DROP CONSTRAINT [FK__GSTDETAIL__UPDAT__5165187F]
GO
IF  EXISTS (SELECT * FROM sys.foreign_keys WHERE object_id = OBJECT_ID(N'[dbo].[FK__GSTDETAIL__DELET__5070F446]') AND parent_object_id = OBJECT_ID(N'[dbo].[POS_GSTDETAIL]'))
ALTER TABLE [dbo].[POS_GSTDETAIL] DROP CONSTRAINT [FK__GSTDETAIL__DELET__5070F446]
GO
IF  EXISTS (SELECT * FROM sys.foreign_keys WHERE object_id = OBJECT_ID(N'[dbo].[FK__GSTDETAIL__DELET__4F7CD00D]') AND parent_object_id = OBJECT_ID(N'[dbo].[POS_GSTDETAIL]'))
ALTER TABLE [dbo].[POS_GSTDETAIL] DROP CONSTRAINT [FK__GSTDETAIL__DELET__4F7CD00D]
GO
IF  EXISTS (SELECT * FROM sys.foreign_keys WHERE object_id = OBJECT_ID(N'[dbo].[FK__GSTDETAIL__CREAT__4E88ABD4]') AND parent_object_id = OBJECT_ID(N'[dbo].[POS_GSTDETAIL]'))
ALTER TABLE [dbo].[POS_GSTDETAIL] DROP CONSTRAINT [FK__GSTDETAIL__CREAT__4E88ABD4]
GO
IF  EXISTS (SELECT * FROM sys.foreign_keys WHERE object_id = OBJECT_ID(N'[dbo].[FK__GSTDETAIL__CREAT__4D94879B]') AND parent_object_id = OBJECT_ID(N'[dbo].[POS_GSTDETAIL]'))
ALTER TABLE [dbo].[POS_GSTDETAIL] DROP CONSTRAINT [FK__GSTDETAIL__CREAT__4D94879B]
GO
IF  EXISTS (SELECT * FROM sys.foreign_keys WHERE object_id = OBJECT_ID(N'[dbo].[FK__DAYSEQUEN__OPENB__3D2915A8]') AND parent_object_id = OBJECT_ID(N'[dbo].[POS_DAYSEQUENCE]'))
ALTER TABLE [dbo].[POS_DAYSEQUENCE] DROP CONSTRAINT [FK__DAYSEQUEN__OPENB__3D2915A8]
GO
IF  EXISTS (SELECT * FROM sys.foreign_keys WHERE object_id = OBJECT_ID(N'[dbo].[FK__DAYSEQUEN__LASTB__3B40CD36]') AND parent_object_id = OBJECT_ID(N'[dbo].[POS_DAYSEQUENCE]'))
ALTER TABLE [dbo].[POS_DAYSEQUENCE] DROP CONSTRAINT [FK__DAYSEQUEN__LASTB__3B40CD36]
GO
IF  EXISTS (SELECT * FROM sys.foreign_keys WHERE object_id = OBJECT_ID(N'[dbo].[FK__DAYSEQUEN__BRANC__4CA06362]') AND parent_object_id = OBJECT_ID(N'[dbo].[POS_DAYSEQUENCE]'))
ALTER TABLE [dbo].[POS_DAYSEQUENCE] DROP CONSTRAINT [FK__DAYSEQUEN__BRANC__4CA06362]
GO
IF  EXISTS (SELECT * FROM sys.foreign_keys WHERE object_id = OBJECT_ID(N'[dbo].[FK__DAYCLOSUR__DAYCL__4BAC3F29]') AND parent_object_id = OBJECT_ID(N'[dbo].[POS_DAYCLOSUREDETAIL]'))
ALTER TABLE [dbo].[POS_DAYCLOSUREDETAIL] DROP CONSTRAINT [FK__DAYCLOSUR__DAYCL__4BAC3F29]
GO
IF  EXISTS (SELECT * FROM sys.foreign_keys WHERE object_id = OBJECT_ID(N'[dbo].[FK__DAYCLOSUR__CLOSE__4AB81AF0]') AND parent_object_id = OBJECT_ID(N'[dbo].[POS_DAYCLOSURE]'))
ALTER TABLE [dbo].[POS_DAYCLOSURE] DROP CONSTRAINT [FK__DAYCLOSUR__CLOSE__4AB81AF0]
GO
IF  EXISTS (SELECT * FROM sys.foreign_keys WHERE object_id = OBJECT_ID(N'[dbo].[FK__DAYCLOSUR__BRANC__49C3F6B7]') AND parent_object_id = OBJECT_ID(N'[dbo].[POS_DAYCLOSURE]'))
ALTER TABLE [dbo].[POS_DAYCLOSURE] DROP CONSTRAINT [FK__DAYCLOSUR__BRANC__49C3F6B7]
GO
IF  EXISTS (SELECT * FROM sys.foreign_keys WHERE object_id = OBJECT_ID(N'[dbo].[FK__BRANCH__UPDATEDB__48CFD27E]') AND parent_object_id = OBJECT_ID(N'[dbo].[POS_BRANCH]'))
ALTER TABLE [dbo].[POS_BRANCH] DROP CONSTRAINT [FK__BRANCH__UPDATEDB__48CFD27E]
GO
IF  EXISTS (SELECT * FROM sys.foreign_keys WHERE object_id = OBJECT_ID(N'[dbo].[FK__BRANCH__DELETEDB__47DBAE45]') AND parent_object_id = OBJECT_ID(N'[dbo].[POS_BRANCH]'))
ALTER TABLE [dbo].[POS_BRANCH] DROP CONSTRAINT [FK__BRANCH__DELETEDB__47DBAE45]
GO
IF  EXISTS (SELECT * FROM sys.foreign_keys WHERE object_id = OBJECT_ID(N'[dbo].[FK__BRANCH__CREATEDB__46E78A0C]') AND parent_object_id = OBJECT_ID(N'[dbo].[POS_BRANCH]'))
ALTER TABLE [dbo].[POS_BRANCH] DROP CONSTRAINT [FK__BRANCH__CREATEDB__46E78A0C]
GO
IF  EXISTS (SELECT * FROM sys.foreign_keys WHERE object_id = OBJECT_ID(N'[dbo].[FK__BILLMOPDE__MOPID__308E3499]') AND parent_object_id = OBJECT_ID(N'[dbo].[POS_BILLMOPDETAIL]'))
ALTER TABLE [dbo].[POS_BILLMOPDETAIL] DROP CONSTRAINT [FK__BILLMOPDE__MOPID__308E3499]
GO
IF  EXISTS (SELECT * FROM sys.foreign_keys WHERE object_id = OBJECT_ID(N'[dbo].[FK__BILLMOPDE__BILLI__2F9A1060]') AND parent_object_id = OBJECT_ID(N'[dbo].[POS_BILLMOPDETAIL]'))
ALTER TABLE [dbo].[POS_BILLMOPDETAIL] DROP CONSTRAINT [FK__BILLMOPDE__BILLI__2F9A1060]
GO
IF  EXISTS (SELECT * FROM sys.foreign_keys WHERE object_id = OBJECT_ID(N'[dbo].[FK__BILLDETAI__UPDAT__793DFFAF]') AND parent_object_id = OBJECT_ID(N'[dbo].[POS_BILLDETAIL]'))
ALTER TABLE [dbo].[POS_BILLDETAIL] DROP CONSTRAINT [FK__BILLDETAI__UPDAT__793DFFAF]
GO
IF  EXISTS (SELECT * FROM sys.foreign_keys WHERE object_id = OBJECT_ID(N'[dbo].[FK__BILLDETAI__GSTID__76619304]') AND parent_object_id = OBJECT_ID(N'[dbo].[POS_BILLDETAIL]'))
ALTER TABLE [dbo].[POS_BILLDETAIL] DROP CONSTRAINT [FK__BILLDETAI__GSTID__76619304]
GO
IF  EXISTS (SELECT * FROM sys.foreign_keys WHERE object_id = OBJECT_ID(N'[dbo].[FK__BILLDETAI__DELET__7849DB76]') AND parent_object_id = OBJECT_ID(N'[dbo].[POS_BILLDETAIL]'))
ALTER TABLE [dbo].[POS_BILLDETAIL] DROP CONSTRAINT [FK__BILLDETAI__DELET__7849DB76]
GO
IF  EXISTS (SELECT * FROM sys.foreign_keys WHERE object_id = OBJECT_ID(N'[dbo].[FK__BILLDETAI__CREAT__7755B73D]') AND parent_object_id = OBJECT_ID(N'[dbo].[POS_BILLDETAIL]'))
ALTER TABLE [dbo].[POS_BILLDETAIL] DROP CONSTRAINT [FK__BILLDETAI__CREAT__7755B73D]
GO
IF  EXISTS (SELECT * FROM sys.foreign_keys WHERE object_id = OBJECT_ID(N'[dbo].[FK__BILLDETAI__BILLI__756D6ECB]') AND parent_object_id = OBJECT_ID(N'[dbo].[POS_BILLDETAIL]'))
ALTER TABLE [dbo].[POS_BILLDETAIL] DROP CONSTRAINT [FK__BILLDETAI__BILLI__756D6ECB]
GO
IF  EXISTS (SELECT * FROM sys.foreign_keys WHERE object_id = OBJECT_ID(N'[dbo].[FK__BILL__UPDATEDBY__412EB0B6]') AND parent_object_id = OBJECT_ID(N'[dbo].[POS_BILL]'))
ALTER TABLE [dbo].[POS_BILL] DROP CONSTRAINT [FK__BILL__UPDATEDBY__412EB0B6]
GO
IF  EXISTS (SELECT * FROM sys.foreign_keys WHERE object_id = OBJECT_ID(N'[dbo].[FK__BILL__DELETEDBY__403A8C7D]') AND parent_object_id = OBJECT_ID(N'[dbo].[POS_BILL]'))
ALTER TABLE [dbo].[POS_BILL] DROP CONSTRAINT [FK__BILL__DELETEDBY__403A8C7D]
GO
IF  EXISTS (SELECT * FROM sys.foreign_keys WHERE object_id = OBJECT_ID(N'[dbo].[FK__BILL__CREATEDBY__3F466844]') AND parent_object_id = OBJECT_ID(N'[dbo].[POS_BILL]'))
ALTER TABLE [dbo].[POS_BILL] DROP CONSTRAINT [FK__BILL__CREATEDBY__3F466844]
GO
IF  EXISTS (SELECT * FROM sys.objects WHERE object_id = OBJECT_ID(N'[dbo].[DF__ITEM__ISOPENITEM__19DFD96B]') AND type = 'D')
BEGIN
ALTER TABLE [dbo].[POS_ITEM] DROP CONSTRAINT [DF__ITEM__ISOPENITEM__19DFD96B]
END
GO
/****** Object:  Table [dbo].[POS_UOM]    Script Date: 12/22/2021 4:48:48 PM ******/
IF  EXISTS (SELECT * FROM sys.objects WHERE object_id = OBJECT_ID(N'[dbo].[POS_UOM]') AND type in (N'U'))
DROP TABLE [dbo].[POS_UOM]
GO
/****** Object:  Table [dbo].[POS_TBLUSER]    Script Date: 12/22/2021 4:48:48 PM ******/
IF  EXISTS (SELECT * FROM sys.objects WHERE object_id = OBJECT_ID(N'[dbo].[POS_TBLUSER]') AND type in (N'U'))
DROP TABLE [dbo].[POS_TBLUSER]
GO
/****** Object:  Table [dbo].[POS_TBLROLE]    Script Date: 12/22/2021 4:48:48 PM ******/
IF  EXISTS (SELECT * FROM sys.objects WHERE object_id = OBJECT_ID(N'[dbo].[POS_TBLROLE]') AND type in (N'U'))
DROP TABLE [dbo].[POS_TBLROLE]
GO
/****** Object:  Table [dbo].[POS_TBLMOP]    Script Date: 12/22/2021 4:48:48 PM ******/
IF  EXISTS (SELECT * FROM sys.objects WHERE object_id = OBJECT_ID(N'[dbo].[POS_TBLMOP]') AND type in (N'U'))
DROP TABLE [dbo].[POS_TBLMOP]
GO
/****** Object:  Table [dbo].[POS_REFUND]    Script Date: 12/22/2021 4:48:48 PM ******/
IF  EXISTS (SELECT * FROM sys.objects WHERE object_id = OBJECT_ID(N'[dbo].[POS_REFUND]') AND type in (N'U'))
DROP TABLE [dbo].[POS_REFUND]
GO
/****** Object:  Table [dbo].[POS_ITEMPRICE]    Script Date: 12/22/2021 4:48:48 PM ******/
IF  EXISTS (SELECT * FROM sys.objects WHERE object_id = OBJECT_ID(N'[dbo].[POS_ITEMPRICE]') AND type in (N'U'))
DROP TABLE [dbo].[POS_ITEMPRICE]
GO
/****** Object:  Table [dbo].[POS_ITEMCODE]    Script Date: 12/22/2021 4:48:48 PM ******/
IF  EXISTS (SELECT * FROM sys.objects WHERE object_id = OBJECT_ID(N'[dbo].[POS_ITEMCODE]') AND type in (N'U'))
DROP TABLE [dbo].[POS_ITEMCODE]
GO
/****** Object:  Table [dbo].[POS_ITEM]    Script Date: 12/22/2021 4:48:48 PM ******/
IF  EXISTS (SELECT * FROM sys.objects WHERE object_id = OBJECT_ID(N'[dbo].[POS_ITEM]') AND type in (N'U'))
DROP TABLE [dbo].[POS_ITEM]
GO
/****** Object:  Table [dbo].[POS_GSTDETAIL]    Script Date: 12/22/2021 4:48:48 PM ******/
IF  EXISTS (SELECT * FROM sys.objects WHERE object_id = OBJECT_ID(N'[dbo].[POS_GSTDETAIL]') AND type in (N'U'))
DROP TABLE [dbo].[POS_GSTDETAIL]
GO
/****** Object:  Table [dbo].[POS_DENOMINATION]    Script Date: 12/22/2021 4:48:48 PM ******/
IF  EXISTS (SELECT * FROM sys.objects WHERE object_id = OBJECT_ID(N'[dbo].[POS_DENOMINATION]') AND type in (N'U'))
DROP TABLE [dbo].[POS_DENOMINATION]
GO
/****** Object:  Table [dbo].[POS_DAYSEQUENCE]    Script Date: 12/22/2021 4:48:48 PM ******/
IF  EXISTS (SELECT * FROM sys.objects WHERE object_id = OBJECT_ID(N'[dbo].[POS_DAYSEQUENCE]') AND type in (N'U'))
DROP TABLE [dbo].[POS_DAYSEQUENCE]
GO
/****** Object:  Table [dbo].[POS_DAYCLOSUREDETAIL]    Script Date: 12/22/2021 4:48:48 PM ******/
IF  EXISTS (SELECT * FROM sys.objects WHERE object_id = OBJECT_ID(N'[dbo].[POS_DAYCLOSUREDETAIL]') AND type in (N'U'))
DROP TABLE [dbo].[POS_DAYCLOSUREDETAIL]
GO
/****** Object:  Table [dbo].[POS_DAYCLOSURE]    Script Date: 12/22/2021 4:48:48 PM ******/
IF  EXISTS (SELECT * FROM sys.objects WHERE object_id = OBJECT_ID(N'[dbo].[POS_DAYCLOSURE]') AND type in (N'U'))
DROP TABLE [dbo].[POS_DAYCLOSURE]
GO
/****** Object:  Table [dbo].[POS_BRANCHCOUNTER]    Script Date: 12/22/2021 4:48:48 PM ******/
IF  EXISTS (SELECT * FROM sys.objects WHERE object_id = OBJECT_ID(N'[dbo].[POS_BRANCHCOUNTER]') AND type in (N'U'))
DROP TABLE [dbo].[POS_BRANCHCOUNTER]
GO
/****** Object:  Table [dbo].[POS_BRANCH]    Script Date: 12/22/2021 4:48:48 PM ******/
IF  EXISTS (SELECT * FROM sys.objects WHERE object_id = OBJECT_ID(N'[dbo].[POS_BRANCH]') AND type in (N'U'))
DROP TABLE [dbo].[POS_BRANCH]
GO
/****** Object:  Table [dbo].[POS_BILLMOPDETAIL]    Script Date: 12/22/2021 4:48:48 PM ******/
IF  EXISTS (SELECT * FROM sys.objects WHERE object_id = OBJECT_ID(N'[dbo].[POS_BILLMOPDETAIL]') AND type in (N'U'))
DROP TABLE [dbo].[POS_BILLMOPDETAIL]
GO
/****** Object:  Table [dbo].[POS_BILLDETAIL]    Script Date: 12/22/2021 4:48:48 PM ******/
IF  EXISTS (SELECT * FROM sys.objects WHERE object_id = OBJECT_ID(N'[dbo].[POS_BILLDETAIL]') AND type in (N'U'))
DROP TABLE [dbo].[POS_BILLDETAIL]
GO
/****** Object:  Table [dbo].[POS_BILL]    Script Date: 12/22/2021 4:48:48 PM ******/
IF  EXISTS (SELECT * FROM sys.objects WHERE object_id = OBJECT_ID(N'[dbo].[POS_BILL]') AND type in (N'U'))
DROP TABLE [dbo].[POS_BILL]
GO
/****** Object:  UserDefinedTableType [dbo].[POS_BILLMOPVALUES]    Script Date: 12/22/2021 4:48:48 PM ******/
IF  EXISTS (SELECT * FROM sys.types st JOIN sys.schemas ss ON st.schema_id = ss.schema_id WHERE st.name = N'BILLMOPVALUES' AND ss.name = N'dbo')
DROP TYPE [dbo].[POS_BILLMOPVALUES]
GO
--/****** Object:  Database [D:\PROGRAMMING\SKUMB\SOURCE\NSRETAILPOS\NSRETAILPOS\NSRETAILPOS\NSRETAILPOS.MDF]    Script Date: 12/22/2021 4:48:48 PM ******/
--IF  EXISTS (SELECT name FROM sys.databases WHERE name = N'D:\PROGRAMMING\SKUMB\SOURCE\NSRETAILPOS\NSRETAILPOS\NSRETAILPOS\NSRETAILPOS.MDF')
--DROP DATABASE [D:\PROGRAMMING\SKUMB\SOURCE\NSRETAILPOS\NSRETAILPOS\NSRETAILPOS\NSRETAILPOS.MDF]
--GO
--/****** Object:  Database [D:\PROGRAMMING\SKUMB\SOURCE\NSRETAILPOS\NSRETAILPOS\NSRETAILPOS\NSRETAILPOS.MDF]    Script Date: 12/22/2021 4:48:48 PM ******/
--CREATE DATABASE [D:\PROGRAMMING\SKUMB\SOURCE\NSRETAILPOS\NSRETAILPOS\NSRETAILPOS\NSRETAILPOS.MDF] ON  PRIMARY 
--( NAME = N'Database1', FILENAME = N'D:\Programming\SKUMB\Source\NSRetailPOS\NSRetailPOS\NSRetailPOS\NSRetailPOS.mdf' , SIZE = 19904KB , MAXSIZE = UNLIMITED, FILEGROWTH = 65536KB )
-- LOG ON 
--( NAME = N'Database1_log', FILENAME = N'D:\Programming\SKUMB\Source\NSRetailPOS\NSRetailPOS\NSRetailPOS\NSRetailPOS_log.ldf' , SIZE = 8192KB , MAXSIZE = 2048GB , FILEGROWTH = 65536KB )
--GO
--IF (1 = FULLTEXTSERVICEPROPERTY('IsFullTextInstalled'))
--begin
--EXEC [D:\PROGRAMMING\SKUMB\SOURCE\NSRETAILPOS\NSRETAILPOS\NSRETAILPOS\NSRETAILPOS.MDF].[dbo].[sp_fulltext_database] @action = 'enable'
--end
--GO
--ALTER DATABASE [D:\PROGRAMMING\SKUMB\SOURCE\NSRETAILPOS\NSRETAILPOS\NSRETAILPOS\NSRETAILPOS.MDF] SET ANSI_NULL_DEFAULT OFF 
--GO
--ALTER DATABASE [D:\PROGRAMMING\SKUMB\SOURCE\NSRETAILPOS\NSRETAILPOS\NSRETAILPOS\NSRETAILPOS.MDF] SET ANSI_NULLS OFF 
--GO
--ALTER DATABASE [D:\PROGRAMMING\SKUMB\SOURCE\NSRETAILPOS\NSRETAILPOS\NSRETAILPOS\NSRETAILPOS.MDF] SET ANSI_PADDING OFF 
--GO
--ALTER DATABASE [D:\PROGRAMMING\SKUMB\SOURCE\NSRETAILPOS\NSRETAILPOS\NSRETAILPOS\NSRETAILPOS.MDF] SET ANSI_WARNINGS OFF 
--GO
--ALTER DATABASE [D:\PROGRAMMING\SKUMB\SOURCE\NSRETAILPOS\NSRETAILPOS\NSRETAILPOS\NSRETAILPOS.MDF] SET ARITHABORT OFF 
--GO
--ALTER DATABASE [D:\PROGRAMMING\SKUMB\SOURCE\NSRETAILPOS\NSRETAILPOS\NSRETAILPOS\NSRETAILPOS.MDF] SET AUTO_CLOSE ON 
--GO
--ALTER DATABASE [D:\PROGRAMMING\SKUMB\SOURCE\NSRETAILPOS\NSRETAILPOS\NSRETAILPOS\NSRETAILPOS.MDF] SET AUTO_SHRINK ON 
--GO
--ALTER DATABASE [D:\PROGRAMMING\SKUMB\SOURCE\NSRETAILPOS\NSRETAILPOS\NSRETAILPOS\NSRETAILPOS.MDF] SET AUTO_UPDATE_STATISTICS ON 
--GO
--ALTER DATABASE [D:\PROGRAMMING\SKUMB\SOURCE\NSRETAILPOS\NSRETAILPOS\NSRETAILPOS\NSRETAILPOS.MDF] SET CURSOR_CLOSE_ON_COMMIT OFF 
--GO
--ALTER DATABASE [D:\PROGRAMMING\SKUMB\SOURCE\NSRETAILPOS\NSRETAILPOS\NSRETAILPOS\NSRETAILPOS.MDF] SET CURSOR_DEFAULT  GLOBAL 
--GO
--ALTER DATABASE [D:\PROGRAMMING\SKUMB\SOURCE\NSRETAILPOS\NSRETAILPOS\NSRETAILPOS\NSRETAILPOS.MDF] SET CONCAT_NULL_YIELDS_NULL OFF 
--GO
--ALTER DATABASE [D:\PROGRAMMING\SKUMB\SOURCE\NSRETAILPOS\NSRETAILPOS\NSRETAILPOS\NSRETAILPOS.MDF] SET NUMERIC_ROUNDABORT OFF 
--GO
--ALTER DATABASE [D:\PROGRAMMING\SKUMB\SOURCE\NSRETAILPOS\NSRETAILPOS\NSRETAILPOS\NSRETAILPOS.MDF] SET QUOTED_IDENTIFIER OFF 
--GO
--ALTER DATABASE [D:\PROGRAMMING\SKUMB\SOURCE\NSRETAILPOS\NSRETAILPOS\NSRETAILPOS\NSRETAILPOS.MDF] SET RECURSIVE_TRIGGERS OFF 
--GO
--ALTER DATABASE [D:\PROGRAMMING\SKUMB\SOURCE\NSRETAILPOS\NSRETAILPOS\NSRETAILPOS\NSRETAILPOS.MDF] SET  DISABLE_BROKER 
--GO
--ALTER DATABASE [D:\PROGRAMMING\SKUMB\SOURCE\NSRETAILPOS\NSRETAILPOS\NSRETAILPOS\NSRETAILPOS.MDF] SET AUTO_UPDATE_STATISTICS_ASYNC OFF 
--GO
--ALTER DATABASE [D:\PROGRAMMING\SKUMB\SOURCE\NSRETAILPOS\NSRETAILPOS\NSRETAILPOS\NSRETAILPOS.MDF] SET DATE_CORRELATION_OPTIMIZATION OFF 
--GO
--ALTER DATABASE [D:\PROGRAMMING\SKUMB\SOURCE\NSRETAILPOS\NSRETAILPOS\NSRETAILPOS\NSRETAILPOS.MDF] SET TRUSTWORTHY OFF 
--GO
--ALTER DATABASE [D:\PROGRAMMING\SKUMB\SOURCE\NSRETAILPOS\NSRETAILPOS\NSRETAILPOS\NSRETAILPOS.MDF] SET ALLOW_SNAPSHOT_ISOLATION OFF 
--GO
--ALTER DATABASE [D:\PROGRAMMING\SKUMB\SOURCE\NSRETAILPOS\NSRETAILPOS\NSRETAILPOS\NSRETAILPOS.MDF] SET PARAMETERIZATION SIMPLE 
--GO
--ALTER DATABASE [D:\PROGRAMMING\SKUMB\SOURCE\NSRETAILPOS\NSRETAILPOS\NSRETAILPOS\NSRETAILPOS.MDF] SET READ_COMMITTED_SNAPSHOT OFF 
--GO
--ALTER DATABASE [D:\PROGRAMMING\SKUMB\SOURCE\NSRETAILPOS\NSRETAILPOS\NSRETAILPOS\NSRETAILPOS.MDF] SET HONOR_BROKER_PRIORITY OFF 
--GO
--ALTER DATABASE [D:\PROGRAMMING\SKUMB\SOURCE\NSRETAILPOS\NSRETAILPOS\NSRETAILPOS\NSRETAILPOS.MDF] SET RECOVERY SIMPLE 
--GO
--ALTER DATABASE [D:\PROGRAMMING\SKUMB\SOURCE\NSRETAILPOS\NSRETAILPOS\NSRETAILPOS\NSRETAILPOS.MDF] SET  MULTI_USER 
--GO
--ALTER DATABASE [D:\PROGRAMMING\SKUMB\SOURCE\NSRETAILPOS\NSRETAILPOS\NSRETAILPOS\NSRETAILPOS.MDF] SET PAGE_VERIFY CHECKSUM  
--GO
--ALTER DATABASE [D:\PROGRAMMING\SKUMB\SOURCE\NSRETAILPOS\NSRETAILPOS\NSRETAILPOS\NSRETAILPOS.MDF] SET DB_CHAINING OFF 
--GO
/****** Object:  UserDefinedTableType [dbo].[POS_BILLMOPVALUES]    Script Date: 12/22/2021 4:48:48 PM ******/
CREATE TYPE [dbo].[POS_BILLMOPVALUES] AS TABLE(
	[MOPID] [int] NULL,
	[MOPVALUE] [decimal](10, 2) NULL
)
GO
/****** Object:  Table [dbo].[POS_BILL]    Script Date: 12/22/2021 4:48:48 PM ******/
SET ANSI_NULLS ON
GO
SET QUOTED_IDENTIFIER ON
GO
CREATE TABLE [dbo].[POS_BILL](
	[BILLID] [int] IDENTITY(1,1) NOT NULL,
	[BILLNUMBER] [varchar](20) NULL,
	[CREATEDBY] [int] NULL,
	[CREATEDDATE] [datetime] NULL,
	[UPDATEDBY] [int] NULL,
	[UPDATEDDATE] [datetime] NULL,
	[DELETEDBY] [int] NULL,
	[DELETEDDATE] [datetime] NULL,
	[BILLSTATUS] [int] NULL,
	[CUSTOMERNUMBER] [varchar](10) NULL,
	[CUSTOMERNAME] [varchar](100) NULL,
PRIMARY KEY CLUSTERED 
(
	[BILLID] ASC
)WITH (PAD_INDEX = OFF, STATISTICS_NORECOMPUTE = OFF, IGNORE_DUP_KEY = OFF, ALLOW_ROW_LOCKS = ON, ALLOW_PAGE_LOCKS = ON) ON [PRIMARY]
) ON [PRIMARY]
GO
/****** Object:  Table [dbo].[POS_BILLDETAIL]    Script Date: 12/22/2021 4:48:48 PM ******/
SET ANSI_NULLS ON
GO
SET QUOTED_IDENTIFIER ON
GO
CREATE TABLE [dbo].[POS_BILLDETAIL](
	[BILLDETAILID] [int] IDENTITY(1,1) NOT NULL,
	[BILLID] [int] NOT NULL,
	[ITEMPRICEID] [int] NOT NULL,
	[QUANTITY] [int] NOT NULL,
	[WEIGHTINKGS] [decimal](5, 2) NULL,
	[BILLEDAMOUNT] [decimal](10, 2) NULL,
	[CREATEDBY] [int] NULL,
	[CREATEDDATE] [datetime] NULL,
	[UPDATEDBY] [int] NULL,
	[UPDATEDDATE] [datetime] NULL,
	[DELETEDBY] [int] NULL,
	[DELETEDDATE] [datetime] NULL,
	[CGST] [decimal](10, 2) NULL,
	[SGST] [decimal](10, 2) NULL,
	[IGST] [decimal](10, 2) NULL,
	[CESS] [decimal](10, 2) NULL,
	[GSTVALUE] [decimal](10, 2) NULL,
	[GSTID] [int] NULL,
	[SNO] [int] NULL,
PRIMARY KEY CLUSTERED 
(
	[BILLDETAILID] ASC
)WITH (PAD_INDEX = OFF, STATISTICS_NORECOMPUTE = OFF, IGNORE_DUP_KEY = OFF, ALLOW_ROW_LOCKS = ON, ALLOW_PAGE_LOCKS = ON) ON [PRIMARY]
) ON [PRIMARY]
GO
/****** Object:  Table [dbo].[POS_BILLMOPDETAIL]    Script Date: 12/22/2021 4:48:48 PM ******/
SET ANSI_NULLS ON
GO
SET QUOTED_IDENTIFIER ON
GO
CREATE TABLE [dbo].[POS_BILLMOPDETAIL](
	[BILLMOPDETAILID] [int] IDENTITY(1,1) NOT NULL,
	[BILLID] [int] NOT NULL,
	[MOPID] [int] NOT NULL,
	[MOPVALUE] [decimal](11, 2) NOT NULL,
PRIMARY KEY CLUSTERED 
(
	[BILLMOPDETAILID] ASC
)WITH (PAD_INDEX = OFF, STATISTICS_NORECOMPUTE = OFF, IGNORE_DUP_KEY = OFF, ALLOW_ROW_LOCKS = ON, ALLOW_PAGE_LOCKS = ON) ON [PRIMARY]
) ON [PRIMARY]
GO
/****** Object:  Table [dbo].[POS_BRANCH]    Script Date: 12/22/2021 4:48:48 PM ******/
SET ANSI_NULLS ON
GO
SET QUOTED_IDENTIFIER ON
GO
CREATE TABLE [dbo].[POS_BRANCH](
	[BRANCHID] [int] NOT NULL,
	[BRANCHNAME] [varchar](100) NOT NULL,
	[BRANCHCODE] [varchar](5) NOT NULL,
	[ADDRESS] [varchar](500) NULL,
	[PHONENO] [varchar](20) NULL,
	[LANDLINE] [varchar](20) NULL,
	[EMAILID] [varchar](50) NULL,
	[SUPERVISORID] [int] NULL,
	[ISWAREHOUSE] [bit] NULL,
	[CREATEDBY] [int] NULL,
	[CREATEDDATE] [datetime] NULL,
	[UPDATEDBY] [int] NULL,
	[UPDATEDATE] [datetime] NULL,
	[DELETEDBY] [int] NULL,
	[DELETEDDATE] [datetime] NULL,
	[STATEID] [int] NULL,
PRIMARY KEY CLUSTERED 
(
	[BRANCHID] ASC
)WITH (PAD_INDEX = OFF, STATISTICS_NORECOMPUTE = OFF, IGNORE_DUP_KEY = OFF, ALLOW_ROW_LOCKS = ON, ALLOW_PAGE_LOCKS = ON) ON [PRIMARY]
) ON [PRIMARY]
GO
/****** Object:  Table [dbo].[POS_BRANCHCOUNTER]    Script Date: 12/22/2021 4:48:48 PM ******/
SET ANSI_NULLS ON
GO
SET QUOTED_IDENTIFIER ON
GO
CREATE TABLE [dbo].[POS_BRANCHCOUNTER](
	[COUNTERID] [int] NOT NULL,
	[COUNTERNAME] [nvarchar](50) NULL,
	[BRANCHID] [int] NULL,
	[CREATEDBY] [int] NULL,
	[CREATEDDATE] [datetime] NULL,
	[UPDATEDBY] [int] NULL,
	[UPDATEDDATE] [datetime] NULL,
	[DELETEDBY] [int] NULL,
	[DELETEDDATE] [datetime] NULL,
 CONSTRAINT [PK_POS_BRANCHCOUNTER] PRIMARY KEY CLUSTERED 
(
	[COUNTERID] ASC
)WITH (PAD_INDEX = OFF, STATISTICS_NORECOMPUTE = OFF, IGNORE_DUP_KEY = OFF, ALLOW_ROW_LOCKS = ON, ALLOW_PAGE_LOCKS = ON) ON [PRIMARY]
) ON [PRIMARY]
GO
/****** Object:  Table [dbo].[POS_DAYCLOSURE]    Script Date: 12/22/2021 4:48:48 PM ******/
SET ANSI_NULLS ON
GO
SET QUOTED_IDENTIFIER ON
GO
CREATE TABLE [dbo].[POS_DAYCLOSURE](
	[DAYCLOSUREID] [int] IDENTITY(1,1) NOT NULL,
	[CLOSUREDATE] [datetime] NULL,
	[BRANCHCOUNTERID] [int] NULL,
	[OPENINGBALANCE] [decimal](10, 2) NULL,
	[CLOSINGBALANCE] [decimal](10, 2) NULL,
	[CLOSINGDIFFERENCE] [decimal](10, 2) NULL,
	[CLOSEDBY] [int] NULL,
PRIMARY KEY CLUSTERED 
(
	[DAYCLOSUREID] ASC
)WITH (PAD_INDEX = OFF, STATISTICS_NORECOMPUTE = OFF, IGNORE_DUP_KEY = OFF, ALLOW_ROW_LOCKS = ON, ALLOW_PAGE_LOCKS = ON) ON [PRIMARY]
) ON [PRIMARY]
GO
/****** Object:  Table [dbo].[POS_DAYCLOSUREDETAIL]    Script Date: 12/22/2021 4:48:48 PM ******/
SET ANSI_NULLS ON
GO
SET QUOTED_IDENTIFIER ON
GO
CREATE TABLE [dbo].[POS_DAYCLOSUREDETAIL](
	[DAYCLOSUREDETAILID] [int] IDENTITY(1,1) NOT NULL,
	[DAYCLOSUREID] [int] NULL,
	[DENOMINATIONORMOPID] [int] NULL,
	[CLOSUREVALUE] [decimal](10, 2) NULL,
PRIMARY KEY CLUSTERED 
(
	[DAYCLOSUREDETAILID] ASC
)WITH (PAD_INDEX = OFF, STATISTICS_NORECOMPUTE = OFF, IGNORE_DUP_KEY = OFF, ALLOW_ROW_LOCKS = ON, ALLOW_PAGE_LOCKS = ON) ON [PRIMARY]
) ON [PRIMARY]
GO
/****** Object:  Table [dbo].[POS_DAYSEQUENCE]    Script Date: 12/22/2021 4:48:48 PM ******/
SET ANSI_NULLS ON
GO
SET QUOTED_IDENTIFIER ON
GO
CREATE TABLE [dbo].[POS_DAYSEQUENCE](
	[OPENDATE] [datetime] NULL,
	[LASTUSEDBILLNUM] [varchar](20) NULL,
	[ISCLOSED] [bit] NULL,
	[BRANCHCOUNTERID] [int] NULL,
	[LASTBILLID] [int] NULL,
	[DAYSEQUENCEID] [int] IDENTITY(1,1) NOT NULL,
	[OPENBILLID] [int] NULL,
 CONSTRAINT [PK_DAYSEQUENCE] PRIMARY KEY CLUSTERED 
(
	[DAYSEQUENCEID] ASC
)WITH (PAD_INDEX = OFF, STATISTICS_NORECOMPUTE = OFF, IGNORE_DUP_KEY = OFF, ALLOW_ROW_LOCKS = ON, ALLOW_PAGE_LOCKS = ON) ON [PRIMARY]
) ON [PRIMARY]
GO
/****** Object:  Table [dbo].[POS_DENOMINATION]    Script Date: 12/22/2021 4:48:48 PM ******/
SET ANSI_NULLS ON
GO
SET QUOTED_IDENTIFIER ON
GO
CREATE TABLE [dbo].[POS_DENOMINATION](
	[DENOMINATIONID] [int] IDENTITY(1,1) NOT NULL,
	[DISPLAYVALUE] [varchar](20) NULL,
	[MULTIPLIER] [decimal](6, 2) NULL,
PRIMARY KEY CLUSTERED 
(
	[DENOMINATIONID] ASC
)WITH (PAD_INDEX = OFF, STATISTICS_NORECOMPUTE = OFF, IGNORE_DUP_KEY = OFF, ALLOW_ROW_LOCKS = ON, ALLOW_PAGE_LOCKS = ON) ON [PRIMARY]
) ON [PRIMARY]
GO
/****** Object:  Table [dbo].[POS_GSTDETAIL]    Script Date: 12/22/2021 4:48:48 PM ******/
SET ANSI_NULLS ON
GO
SET QUOTED_IDENTIFIER ON
GO
CREATE TABLE [dbo].[POS_GSTDETAIL](
	[GSTID] [int] NOT NULL,
	[GSTCODE] [varchar](20) NOT NULL,
	[CGST] [decimal](5, 2) NULL,
	[SGST] [decimal](5, 2) NULL,
	[IGST] [decimal](5, 2) NULL,
	[CESS] [decimal](5, 2) NULL,
	[CREATEDBY] [int] NULL,
	[CREATEDDATE] [datetime] NULL,
	[UPDATEDBY] [int] NULL,
	[UPDATEDATE] [datetime] NULL,
	[DELETEDBY] [int] NULL,
	[DELETEDDATE] [datetime] NULL,
PRIMARY KEY CLUSTERED 
(
	[GSTID] ASC
)WITH (PAD_INDEX = OFF, STATISTICS_NORECOMPUTE = OFF, IGNORE_DUP_KEY = OFF, ALLOW_ROW_LOCKS = ON, ALLOW_PAGE_LOCKS = ON) ON [PRIMARY]
) ON [PRIMARY]
GO
/****** Object:  Table [dbo].[POS_ITEM]    Script Date: 12/22/2021 4:48:48 PM ******/
SET ANSI_NULLS ON
GO
SET QUOTED_IDENTIFIER ON
GO
CREATE TABLE [dbo].[POS_ITEM](
	[ITEMID] [int] NOT NULL,
	[SKUCODE] [varchar](10) NOT NULL,
	[ITEMNAME] [varchar](100) NOT NULL,
	[DESCRIPTION] [varchar](500) NULL,
	[CREATEDBY] [int] NULL,
	[CREATEDDATE] [datetime] NULL,
	[UPDATEDBY] [int] NULL,
	[UPDATEDATE] [datetime] NULL,
	[DELETEDBY] [int] NULL,
	[DELETEDDATE] [datetime] NULL,
	[CATEGORYID] [int] NULL,
	[SUBCATEGORYID] [int] NULL,
	[ISOPENITEM] [bit] NULL,
	[PARENTITEMID] [int] NULL,
	[UOMID] [int] NULL,
PRIMARY KEY CLUSTERED 
(
	[ITEMID] ASC
)WITH (PAD_INDEX = OFF, STATISTICS_NORECOMPUTE = OFF, IGNORE_DUP_KEY = OFF, ALLOW_ROW_LOCKS = ON, ALLOW_PAGE_LOCKS = ON) ON [PRIMARY]
) ON [PRIMARY]
GO
/****** Object:  Table [dbo].[POS_ITEMCODE]    Script Date: 12/22/2021 4:48:48 PM ******/
SET ANSI_NULLS ON
GO
SET QUOTED_IDENTIFIER ON
GO
CREATE TABLE [dbo].[POS_ITEMCODE](
	[ITEMCODEID] [int] NOT NULL,
	[ITEMID] [int] NOT NULL,
	[ITEMCODE] [varchar](20) NULL,
	[ISEAN] [bit] NULL,
	[HSNCODE] [varchar](10) NULL,
	[CREATEDBY] [int] NULL,
	[CREATEDDATE] [datetime] NULL,
	[UPDATEDBY] [int] NULL,
	[UPDATEDATE] [datetime] NULL,
	[DELETEDBY] [int] NULL,
	[DELETEDDATE] [datetime] NULL,
	[FREEITEMCODEID] [int] NULL,
PRIMARY KEY CLUSTERED 
(
	[ITEMCODEID] ASC
)WITH (PAD_INDEX = OFF, STATISTICS_NORECOMPUTE = OFF, IGNORE_DUP_KEY = OFF, ALLOW_ROW_LOCKS = ON, ALLOW_PAGE_LOCKS = ON) ON [PRIMARY]
) ON [PRIMARY]
GO
/****** Object:  Table [dbo].[POS_ITEMPRICE]    Script Date: 12/22/2021 4:48:48 PM ******/
SET ANSI_NULLS ON
GO
SET QUOTED_IDENTIFIER ON
GO
CREATE TABLE [dbo].[POS_ITEMPRICE](
	[ITEMPRICEID] [int] NOT NULL,
	[ITEMCODEID] [int] NOT NULL,
	[SALEPRICE] [decimal](7, 2) NULL,
	[MRP] [decimal](7, 2) NULL,
	[GSTID] [int] NOT NULL,
	[CREATEDBY] [int] NULL,
	[CREATEDDATE] [datetime] NULL,
	[UPDATEDBY] [int] NULL,
	[UPDATEDATE] [datetime] NULL,
	[DELETEDBY] [int] NULL,
	[DELETEDDATE] [datetime] NULL,
PRIMARY KEY CLUSTERED 
(
	[ITEMPRICEID] ASC
)WITH (PAD_INDEX = OFF, STATISTICS_NORECOMPUTE = OFF, IGNORE_DUP_KEY = OFF, ALLOW_ROW_LOCKS = ON, ALLOW_PAGE_LOCKS = ON) ON [PRIMARY]
) ON [PRIMARY]
GO
/****** Object:  Table [dbo].[POS_REFUND]    Script Date: 12/22/2021 4:48:48 PM ******/
SET ANSI_NULLS ON
GO
SET QUOTED_IDENTIFIER ON
GO
CREATE TABLE [dbo].[POS_REFUND](
	[REFUNDID] [int] IDENTITY(1,1) NOT NULL,
	[BILLDETAILID] [int] NULL,
	[REFUNDQUANTITY] [int] NULL,
	[REFUNDWEIGHTININKGS] [decimal](5, 2) NULL,
	[REFUNDAMOUNT] [decimal](10, 2) NULL,
	[CREATEDBY] [int] NULL,
	[CREATEDDATE] [datetime] NULL,
	[UPDATEDBY] [int] NULL,
	[UPDATEDDATE] [datetime] NULL,
	[DELETEDBY] [int] NULL,
	[DELETEDDATE] [datetime] NULL,
PRIMARY KEY CLUSTERED 
(
	[REFUNDID] ASC
)WITH (PAD_INDEX = OFF, STATISTICS_NORECOMPUTE = OFF, IGNORE_DUP_KEY = OFF, ALLOW_ROW_LOCKS = ON, ALLOW_PAGE_LOCKS = ON) ON [PRIMARY]
) ON [PRIMARY]
GO
/****** Object:  Table [dbo].[POS_TBLMOP]    Script Date: 12/22/2021 4:48:48 PM ******/
SET ANSI_NULLS ON
GO
SET QUOTED_IDENTIFIER ON
GO
CREATE TABLE [dbo].[POS_TBLMOP](
	[MOPID] [int] NOT NULL,
	[MOPNAME] [nvarchar](50) NULL,
	[CREATEDBY] [int] NULL,
	[CREATEDDATE] [datetime] NULL,
	[UPDATEDBY] [int] NULL,
	[UPDATEDDATE] [datetime] NULL,
	[DELETEDBY] [int] NULL,
	[DELETEDDATE] [datetime] NULL,
 CONSTRAINT [PK_POS_TBLMOP] PRIMARY KEY CLUSTERED 
(
	[MOPID] ASC
)WITH (PAD_INDEX = OFF, STATISTICS_NORECOMPUTE = OFF, IGNORE_DUP_KEY = OFF, ALLOW_ROW_LOCKS = ON, ALLOW_PAGE_LOCKS = ON) ON [PRIMARY]
) ON [PRIMARY]
GO
/****** Object:  Table [dbo].[POS_TBLROLE]    Script Date: 12/22/2021 4:48:48 PM ******/
SET ANSI_NULLS ON
GO
SET QUOTED_IDENTIFIER ON
GO
CREATE TABLE [dbo].[POS_TBLROLE](
	[ROLEID] [int] NOT NULL,
	[ROLENAME] [nvarchar](50) NOT NULL,
	[CREATEDBY] [int] NULL,
	[CREATEDDATE] [int] NULL,
	[UPDATEDBY] [int] NULL,
	[UPDATEDDATE] [int] NULL,
	[DELETEDBY] [int] NULL,
	[DELETEDDATE] [int] NULL,
 CONSTRAINT [PK_POS_TBLROLE] PRIMARY KEY CLUSTERED 
(
	[ROLEID] ASC
)WITH (PAD_INDEX = OFF, STATISTICS_NORECOMPUTE = OFF, IGNORE_DUP_KEY = OFF, ALLOW_ROW_LOCKS = ON, ALLOW_PAGE_LOCKS = ON) ON [PRIMARY]
) ON [PRIMARY]
GO
/****** Object:  Table [dbo].[POS_TBLUSER]    Script Date: 12/22/2021 4:48:48 PM ******/
SET ANSI_NULLS ON
GO
SET QUOTED_IDENTIFIER ON
GO
CREATE TABLE [dbo].[POS_TBLUSER](
	[USERID] [int] NOT NULL,
	[ROLEID] [int] NOT NULL,
	[REPORTINGLEADID] [int] NULL,
	[CATEGORYID] [int] NULL,
	[BRANCHID] [int] NULL,
	[USERNAME] [nvarchar](50) NOT NULL,
	[PASSWORDSTRING] [nvarchar](100) NOT NULL,
	[FULLNAME] [nvarchar](50) NOT NULL,
	[CNUMBER] [nvarchar](50) NULL,
	[EMAIL] [nvarchar](50) NULL,
	[ISOTP] [bit] NULL,
	[GENDER] [int] NULL,
	[DOB] [date] NULL,
	[CREATEDBY] [int] NULL,
	[CREATEDDATE] [datetime] NULL,
	[UPDATEDBY] [int] NULL,
	[UPDATEDDATE] [datetime] NULL,
	[DELETEDBY] [int] NULL,
	[DELETEDDATE] [datetime] NULL,
 CONSTRAINT [PK_POS_TBLUSER] PRIMARY KEY CLUSTERED 
(
	[USERID] ASC
)WITH (PAD_INDEX = OFF, STATISTICS_NORECOMPUTE = OFF, IGNORE_DUP_KEY = OFF, ALLOW_ROW_LOCKS = ON, ALLOW_PAGE_LOCKS = ON) ON [PRIMARY]
) ON [PRIMARY]
GO
/****** Object:  Table [dbo].[POS_UOM]    Script Date: 12/22/2021 4:48:48 PM ******/
SET ANSI_NULLS ON
GO
SET QUOTED_IDENTIFIER ON
GO
CREATE TABLE [dbo].[POS_UOM](
	[UOMID] [int] NOT NULL,
	[DISPLAYVALUE] [varchar](20) NOT NULL,
	[BASEUOMID] [int] NULL,
	[MULTIPLIER] [decimal](5, 2) NOT NULL,
	[CREATEDBY] [int] NULL,
	[CREATEDDATE] [datetime] NULL,
	[UPDATEDBY] [int] NULL,
	[UPDATEDDATE] [datetime] NULL,
	[DELETEDBY] [int] NULL,
	[DELETEDDATE] [datetime] NULL,
PRIMARY KEY CLUSTERED 
(
	[UOMID] ASC
)WITH (PAD_INDEX = OFF, STATISTICS_NORECOMPUTE = OFF, IGNORE_DUP_KEY = OFF, ALLOW_ROW_LOCKS = ON, ALLOW_PAGE_LOCKS = ON) ON [PRIMARY]
) ON [PRIMARY]
GO
SET IDENTITY_INSERT [dbo].[POS_BILL] ON 
GO
INSERT [dbo].[POS_BILL] ([BILLID], [BILLNUMBER], [CREATEDBY], [CREATEDDATE], [UPDATEDBY], [UPDATEDDATE], [DELETEDBY], [DELETEDDATE], [BILLSTATUS], [CUSTOMERNUMBER], [CUSTOMERNAME]) VALUES (1, NULL, 6, CAST(N'2021-12-18T16:29:19.783' AS DateTime), NULL, NULL, NULL, NULL, 0, NULL, NULL)
GO
INSERT [dbo].[POS_BILL] ([BILLID], [BILLNUMBER], [CREATEDBY], [CREATEDDATE], [UPDATEDBY], [UPDATEDDATE], [DELETEDBY], [DELETEDDATE], [BILLSTATUS], [CUSTOMERNUMBER], [CUSTOMERNAME]) VALUES (2, N'20211218000001', 6, CAST(N'2021-12-18T16:40:45.857' AS DateTime), NULL, NULL, NULL, NULL, 0, NULL, NULL)
GO
SET IDENTITY_INSERT [dbo].[POS_BILL] OFF
GO
INSERT [dbo].[POS_BRANCH] ([BRANCHID], [BRANCHNAME], [BRANCHCODE], [ADDRESS], [PHONENO], [LANDLINE], [EMAILID], [SUPERVISORID], [ISWAREHOUSE], [CREATEDBY], [CREATEDDATE], [UPDATEDBY], [UPDATEDATE], [DELETEDBY], [DELETEDDATE], [STATEID]) VALUES (45, N'RVP WAREHOUSE', N'RVPWH', N'RVP WAREHOUSE', N'1234567890', N'1234567890', N'RVPWAREHOUSE@VICTORY.COM', 4, 1, 4, CAST(N'2021-12-14T23:22:20.267' AS DateTime), 5, CAST(N'2021-12-14T23:24:49.757' AS DateTime), NULL, NULL, 1)
GO
INSERT [dbo].[POS_BRANCH] ([BRANCHID], [BRANCHNAME], [BRANCHCODE], [ADDRESS], [PHONENO], [LANDLINE], [EMAILID], [SUPERVISORID], [ISWAREHOUSE], [CREATEDBY], [CREATEDDATE], [UPDATEDBY], [UPDATEDATE], [DELETEDBY], [DELETEDDATE], [STATEID]) VALUES (46, N'RAVULAPALEM', N'RVP1', N'RAVULAPALEM', N'9866956214', N'08855255502', N'', 4, 0, 4, CAST(N'2021-12-14T23:22:20.267' AS DateTime), NULL, NULL, NULL, NULL, NULL)
GO
INSERT [dbo].[POS_BRANCH] ([BRANCHID], [BRANCHNAME], [BRANCHCODE], [ADDRESS], [PHONENO], [LANDLINE], [EMAILID], [SUPERVISORID], [ISWAREHOUSE], [CREATEDBY], [CREATEDDATE], [UPDATEDBY], [UPDATEDATE], [DELETEDBY], [DELETEDDATE], [STATEID]) VALUES (47, N'MANDAPETA1', N'MDP1', N'MANDAPETA1', N'9704821001', N'08855230626', N'', 4, 0, 4, CAST(N'2021-12-14T23:22:20.267' AS DateTime), NULL, NULL, NULL, NULL, NULL)
GO
INSERT [dbo].[POS_BRANCH] ([BRANCHID], [BRANCHNAME], [BRANCHCODE], [ADDRESS], [PHONENO], [LANDLINE], [EMAILID], [SUPERVISORID], [ISWAREHOUSE], [CREATEDBY], [CREATEDDATE], [UPDATEDBY], [UPDATEDATE], [DELETEDBY], [DELETEDDATE], [STATEID]) VALUES (48, N'MALKIPURAM', N'MKP', N'MALKIPURAM', N'9491519719', N'08862227599', N'', 4, 0, 4, CAST(N'2021-12-14T23:22:20.267' AS DateTime), NULL, NULL, NULL, NULL, NULL)
GO
INSERT [dbo].[POS_BRANCH] ([BRANCHID], [BRANCHNAME], [BRANCHCODE], [ADDRESS], [PHONENO], [LANDLINE], [EMAILID], [SUPERVISORID], [ISWAREHOUSE], [CREATEDBY], [CREATEDDATE], [UPDATEDBY], [UPDATEDATE], [DELETEDBY], [DELETEDDATE], [STATEID]) VALUES (49, N'KAKINADA', N'KKD1', N'KAKINADA', N'9000054533', N'08842352102', N'', 4, 0, 4, CAST(N'2021-12-14T23:22:20.267' AS DateTime), NULL, NULL, NULL, NULL, NULL)
GO
INSERT [dbo].[POS_BRANCH] ([BRANCHID], [BRANCHNAME], [BRANCHCODE], [ADDRESS], [PHONENO], [LANDLINE], [EMAILID], [SUPERVISORID], [ISWAREHOUSE], [CREATEDBY], [CREATEDDATE], [UPDATEDBY], [UPDATEDATE], [DELETEDBY], [DELETEDDATE], [STATEID]) VALUES (50, N'AMALAPURAM', N'AMP', N'AMALAPURAM', N'9849719143', N'08856233745', N'', 4, 0, 4, CAST(N'2021-12-14T23:22:20.267' AS DateTime), NULL, NULL, NULL, NULL, NULL)
GO
INSERT [dbo].[POS_BRANCH] ([BRANCHID], [BRANCHNAME], [BRANCHCODE], [ADDRESS], [PHONENO], [LANDLINE], [EMAILID], [SUPERVISORID], [ISWAREHOUSE], [CREATEDBY], [CREATEDDATE], [UPDATEDBY], [UPDATEDATE], [DELETEDBY], [DELETEDDATE], [STATEID]) VALUES (51, N'PALAKOLLU1', N'PLK1', N'PALAKOLLU1', N'9247755745', N'08814223400', N'', 4, 0, 4, CAST(N'2021-12-14T23:22:20.267' AS DateTime), NULL, NULL, NULL, NULL, NULL)
GO
INSERT [dbo].[POS_BRANCH] ([BRANCHID], [BRANCHNAME], [BRANCHCODE], [ADDRESS], [PHONENO], [LANDLINE], [EMAILID], [SUPERVISORID], [ISWAREHOUSE], [CREATEDBY], [CREATEDDATE], [UPDATEDBY], [UPDATEDATE], [DELETEDBY], [DELETEDDATE], [STATEID]) VALUES (52, N'PEDDAPURAM', N'PDP', N'PEDDAPURAM', N'9989738432', N'NIL', N'', 4, 0, 4, CAST(N'2021-12-14T23:22:20.267' AS DateTime), NULL, NULL, NULL, NULL, NULL)
GO
INSERT [dbo].[POS_BRANCH] ([BRANCHID], [BRANCHNAME], [BRANCHCODE], [ADDRESS], [PHONENO], [LANDLINE], [EMAILID], [SUPERVISORID], [ISWAREHOUSE], [CREATEDBY], [CREATEDDATE], [UPDATEDBY], [UPDATEDATE], [DELETEDBY], [DELETEDDATE], [STATEID]) VALUES (53, N'KOVVURU', N'KVR', N'KOVVURU', N'9492647200', N'08813234999', N'', 4, 0, 4, CAST(N'2021-12-14T23:22:20.267' AS DateTime), NULL, NULL, NULL, NULL, NULL)
GO
INSERT [dbo].[POS_BRANCH] ([BRANCHID], [BRANCHNAME], [BRANCHCODE], [ADDRESS], [PHONENO], [LANDLINE], [EMAILID], [SUPERVISORID], [ISWAREHOUSE], [CREATEDBY], [CREATEDDATE], [UPDATEDBY], [UPDATEDATE], [DELETEDBY], [DELETEDDATE], [STATEID]) VALUES (54, N'AMALAPURAM2', N'AMP2', N'AMALAPURAM2', N'9908559949', N'08856236269', N'', 4, 0, 4, CAST(N'2021-12-14T23:22:20.267' AS DateTime), NULL, NULL, NULL, NULL, NULL)
GO
INSERT [dbo].[POS_BRANCH] ([BRANCHID], [BRANCHNAME], [BRANCHCODE], [ADDRESS], [PHONENO], [LANDLINE], [EMAILID], [SUPERVISORID], [ISWAREHOUSE], [CREATEDBY], [CREATEDDATE], [UPDATEDBY], [UPDATEDATE], [DELETEDBY], [DELETEDDATE], [STATEID]) VALUES (55, N'SUNKARAPALEM', N'SKP', N'SUNKARAPALEM', N'9247380858', N'08842321010', N'', 4, 0, 4, CAST(N'2021-12-14T23:22:20.267' AS DateTime), NULL, NULL, NULL, NULL, NULL)
GO
INSERT [dbo].[POS_BRANCH] ([BRANCHID], [BRANCHNAME], [BRANCHCODE], [ADDRESS], [PHONENO], [LANDLINE], [EMAILID], [SUPERVISORID], [ISWAREHOUSE], [CREATEDBY], [CREATEDDATE], [UPDATEDBY], [UPDATEDATE], [DELETEDBY], [DELETEDDATE], [STATEID]) VALUES (56, N'ANAPARTHI', N'ANP', N'ANAPARTHI', N'9951495826', N'08857225336', N'', 4, 0, 4, CAST(N'2021-12-14T23:22:20.267' AS DateTime), NULL, NULL, NULL, NULL, NULL)
GO
INSERT [dbo].[POS_BRANCH] ([BRANCHID], [BRANCHNAME], [BRANCHCODE], [ADDRESS], [PHONENO], [LANDLINE], [EMAILID], [SUPERVISORID], [ISWAREHOUSE], [CREATEDBY], [CREATEDDATE], [UPDATEDBY], [UPDATEDATE], [DELETEDBY], [DELETEDDATE], [STATEID]) VALUES (57, N'THATIPAKA', N'TPK', N'THATIPAKA', N'9849418528', N'08862249283', N'', 4, 0, 4, CAST(N'2021-12-14T23:22:20.267' AS DateTime), NULL, NULL, NULL, NULL, NULL)
GO
INSERT [dbo].[POS_BRANCH] ([BRANCHID], [BRANCHNAME], [BRANCHCODE], [ADDRESS], [PHONENO], [LANDLINE], [EMAILID], [SUPERVISORID], [ISWAREHOUSE], [CREATEDBY], [CREATEDDATE], [UPDATEDBY], [UPDATEDATE], [DELETEDBY], [DELETEDDATE], [STATEID]) VALUES (58, N'MUMMIDIVARAM', N'MMD', N'MUMMIDIVARAM', N'9246635333', N'08856271283', N'', 4, 0, 4, CAST(N'2021-12-14T23:22:20.267' AS DateTime), NULL, NULL, NULL, NULL, NULL)
GO
INSERT [dbo].[POS_BRANCH] ([BRANCHID], [BRANCHNAME], [BRANCHCODE], [ADDRESS], [PHONENO], [LANDLINE], [EMAILID], [SUPERVISORID], [ISWAREHOUSE], [CREATEDBY], [CREATEDDATE], [UPDATEDBY], [UPDATEDATE], [DELETEDBY], [DELETEDDATE], [STATEID]) VALUES (59, N'JANGAREDDYGUDEM', N'JRD', N'JANGAREDDYGUDEM', N'8247777942', N'08821225959', N'', 4, 0, 4, CAST(N'2021-12-14T23:22:20.267' AS DateTime), NULL, NULL, NULL, NULL, NULL)
GO
INSERT [dbo].[POS_BRANCH] ([BRANCHID], [BRANCHNAME], [BRANCHCODE], [ADDRESS], [PHONENO], [LANDLINE], [EMAILID], [SUPERVISORID], [ISWAREHOUSE], [CREATEDBY], [CREATEDDATE], [UPDATEDBY], [UPDATEDATE], [DELETEDBY], [DELETEDDATE], [STATEID]) VALUES (60, N'KADIYAM', N'KDM', N'KADIYAM', N'9951495826', N'08832452569', N'', 4, 0, 4, CAST(N'2021-12-14T23:22:20.267' AS DateTime), NULL, NULL, NULL, NULL, NULL)
GO
INSERT [dbo].[POS_BRANCH] ([BRANCHID], [BRANCHNAME], [BRANCHCODE], [ADDRESS], [PHONENO], [LANDLINE], [EMAILID], [SUPERVISORID], [ISWAREHOUSE], [CREATEDBY], [CREATEDDATE], [UPDATEDBY], [UPDATEDATE], [DELETEDBY], [DELETEDDATE], [STATEID]) VALUES (61, N'AMBAJIPETA', N'ABP', N'AMBAJIPETA', N'9848911888', N'08856243929', N'', 4, 0, 4, CAST(N'2021-12-14T23:22:20.267' AS DateTime), NULL, NULL, NULL, NULL, NULL)
GO
INSERT [dbo].[POS_BRANCH] ([BRANCHID], [BRANCHNAME], [BRANCHCODE], [ADDRESS], [PHONENO], [LANDLINE], [EMAILID], [SUPERVISORID], [ISWAREHOUSE], [CREATEDBY], [CREATEDDATE], [UPDATEDBY], [UPDATEDATE], [DELETEDBY], [DELETEDDATE], [STATEID]) VALUES (62, N'DEVARAPALLI', N'DRP', N'DEVARAPALLI', N'6281444677', N'08813273251', N'', 4, 0, 4, CAST(N'2021-12-14T23:22:20.267' AS DateTime), NULL, NULL, NULL, NULL, NULL)
GO
INSERT [dbo].[POS_BRANCH] ([BRANCHID], [BRANCHNAME], [BRANCHCODE], [ADDRESS], [PHONENO], [LANDLINE], [EMAILID], [SUPERVISORID], [ISWAREHOUSE], [CREATEDBY], [CREATEDDATE], [UPDATEDBY], [UPDATEDATE], [DELETEDBY], [DELETEDDATE], [STATEID]) VALUES (63, N'BALAJIPETA', N'BJP', N'BALAJIPETA', N'9121925099', N'08832433383', N'', 4, 0, 4, CAST(N'2021-12-14T23:22:20.267' AS DateTime), NULL, NULL, NULL, NULL, NULL)
GO
INSERT [dbo].[POS_BRANCH] ([BRANCHID], [BRANCHNAME], [BRANCHCODE], [ADDRESS], [PHONENO], [LANDLINE], [EMAILID], [SUPERVISORID], [ISWAREHOUSE], [CREATEDBY], [CREATEDDATE], [UPDATEDBY], [UPDATEDATE], [DELETEDBY], [DELETEDDATE], [STATEID]) VALUES (64, N'YELESWARAM', N'YSW', N'YELESWARAM', N'7995192916', N'08868223188', N'', 4, 0, 4, CAST(N'2021-12-14T23:22:20.267' AS DateTime), NULL, NULL, NULL, NULL, NULL)
GO
INSERT [dbo].[POS_BRANCH] ([BRANCHID], [BRANCHNAME], [BRANCHCODE], [ADDRESS], [PHONENO], [LANDLINE], [EMAILID], [SUPERVISORID], [ISWAREHOUSE], [CREATEDBY], [CREATEDDATE], [UPDATEDBY], [UPDATEDATE], [DELETEDBY], [DELETEDDATE], [STATEID]) VALUES (65, N'PITHAPURAM', N'PTP', N'PITHAPURAM', N'9849660573', N'08869255383', N'', 4, 0, 4, CAST(N'2021-12-14T23:22:20.267' AS DateTime), NULL, NULL, NULL, NULL, NULL)
GO
INSERT [dbo].[POS_BRANCH] ([BRANCHID], [BRANCHNAME], [BRANCHCODE], [ADDRESS], [PHONENO], [LANDLINE], [EMAILID], [SUPERVISORID], [ISWAREHOUSE], [CREATEDBY], [CREATEDDATE], [UPDATEDBY], [UPDATEDATE], [DELETEDBY], [DELETEDDATE], [STATEID]) VALUES (66, N'KATRENIKONA (V6)', N'KTK', N'KATRENIKONA (V6)', N'9908422333', N'08856285083', N'', 4, 0, 4, CAST(N'2021-12-14T23:22:20.267' AS DateTime), NULL, NULL, NULL, NULL, NULL)
GO
INSERT [dbo].[POS_BRANCH] ([BRANCHID], [BRANCHNAME], [BRANCHCODE], [ADDRESS], [PHONENO], [LANDLINE], [EMAILID], [SUPERVISORID], [ISWAREHOUSE], [CREATEDBY], [CREATEDDATE], [UPDATEDBY], [UPDATEDATE], [DELETEDBY], [DELETEDDATE], [STATEID]) VALUES (67, N'MUKTESWARAM (V6)', N'MKS', N'MUKTESWARAM (V6)', N'9848315799', N'08856224222', N'', 4, 0, 4, CAST(N'2021-12-14T23:22:20.267' AS DateTime), NULL, NULL, NULL, NULL, NULL)
GO
INSERT [dbo].[POS_BRANCH] ([BRANCHID], [BRANCHNAME], [BRANCHCODE], [ADDRESS], [PHONENO], [LANDLINE], [EMAILID], [SUPERVISORID], [ISWAREHOUSE], [CREATEDBY], [CREATEDDATE], [UPDATEDBY], [UPDATEDATE], [DELETEDBY], [DELETEDDATE], [STATEID]) VALUES (68, N'NARASAPURAM', N'NRP', N'NARASAPURAM', N'8801430003', N'08814277383', N'', 4, 0, 4, CAST(N'2021-12-14T23:22:20.267' AS DateTime), NULL, NULL, NULL, NULL, NULL)
GO
INSERT [dbo].[POS_BRANCH] ([BRANCHID], [BRANCHNAME], [BRANCHCODE], [ADDRESS], [PHONENO], [LANDLINE], [EMAILID], [SUPERVISORID], [ISWAREHOUSE], [CREATEDBY], [CREATEDDATE], [UPDATEDBY], [UPDATEDATE], [DELETEDBY], [DELETEDDATE], [STATEID]) VALUES (69, N'KOTHAPETA (V6)', N'KTP', N'KOTHAPETA (V6)', N'9440460051', N'08855245199', N'', 4, 0, 4, CAST(N'2021-12-14T23:22:20.267' AS DateTime), NULL, NULL, NULL, NULL, NULL)
GO
INSERT [dbo].[POS_BRANCH] ([BRANCHID], [BRANCHNAME], [BRANCHCODE], [ADDRESS], [PHONENO], [LANDLINE], [EMAILID], [SUPERVISORID], [ISWAREHOUSE], [CREATEDBY], [CREATEDDATE], [UPDATEDBY], [UPDATEDATE], [DELETEDBY], [DELETEDDATE], [STATEID]) VALUES (70, N'NIDADAVOLE', N'NDV', N'NIDADAVOLE', N'7382684108', N'08813225222', N'', 4, 0, 4, CAST(N'2021-12-14T23:22:20.267' AS DateTime), NULL, NULL, NULL, NULL, NULL)
GO
INSERT [dbo].[POS_BRANCH] ([BRANCHID], [BRANCHNAME], [BRANCHCODE], [ADDRESS], [PHONENO], [LANDLINE], [EMAILID], [SUPERVISORID], [ISWAREHOUSE], [CREATEDBY], [CREATEDDATE], [UPDATEDBY], [UPDATEDATE], [DELETEDBY], [DELETEDDATE], [STATEID]) VALUES (71, N'KODURUPADU (V6)', N'KDP', N'KODURUPADU (V6)', N'9246296562', N'08856259022', N'', 4, 0, 4, CAST(N'2021-12-14T23:22:20.267' AS DateTime), NULL, NULL, NULL, NULL, NULL)
GO
INSERT [dbo].[POS_BRANCH] ([BRANCHID], [BRANCHNAME], [BRANCHCODE], [ADDRESS], [PHONENO], [LANDLINE], [EMAILID], [SUPERVISORID], [ISWAREHOUSE], [CREATEDBY], [CREATEDDATE], [UPDATEDBY], [UPDATEDATE], [DELETEDBY], [DELETEDDATE], [STATEID]) VALUES (72, N'JAGANNAIKPURE', N'JGP', N'JAGANNAIKPURE', N'8184869419', N'08842972888', N'', 4, 0, 4, CAST(N'2021-12-14T23:22:20.267' AS DateTime), NULL, NULL, NULL, NULL, NULL)
GO
INSERT [dbo].[POS_BRANCH] ([BRANCHID], [BRANCHNAME], [BRANCHCODE], [ADDRESS], [PHONENO], [LANDLINE], [EMAILID], [SUPERVISORID], [ISWAREHOUSE], [CREATEDBY], [CREATEDDATE], [UPDATEDBY], [UPDATEDATE], [DELETEDBY], [DELETEDDATE], [STATEID]) VALUES (73, N'MANDAPETA2', N'MDP2', N'MANDAPETA2', N'9493238888', N'08855235888', N'', 4, 0, 4, CAST(N'2021-12-14T23:22:20.267' AS DateTime), NULL, NULL, NULL, NULL, NULL)
GO
INSERT [dbo].[POS_BRANCH] ([BRANCHID], [BRANCHNAME], [BRANCHCODE], [ADDRESS], [PHONENO], [LANDLINE], [EMAILID], [SUPERVISORID], [ISWAREHOUSE], [CREATEDBY], [CREATEDDATE], [UPDATEDBY], [UPDATEDATE], [DELETEDBY], [DELETEDDATE], [STATEID]) VALUES (74, N'RAVULAPALEM2', N'RVP2', N'RAVULAPALEM2', N'7286985911', N'08855259888', N'', 4, 0, 4, CAST(N'2021-12-14T23:22:20.267' AS DateTime), NULL, NULL, NULL, NULL, NULL)
GO
INSERT [dbo].[POS_BRANCH] ([BRANCHID], [BRANCHNAME], [BRANCHCODE], [ADDRESS], [PHONENO], [LANDLINE], [EMAILID], [SUPERVISORID], [ISWAREHOUSE], [CREATEDBY], [CREATEDDATE], [UPDATEDBY], [UPDATEDATE], [DELETEDBY], [DELETEDDATE], [STATEID]) VALUES (75, N'PALAKOLLU2', N'PLK2', N'PALAKOLLU2', N'9912243873', N'08814226989', N'', 4, 0, 4, CAST(N'2021-12-14T23:22:20.267' AS DateTime), NULL, NULL, NULL, NULL, NULL)
GO
INSERT [dbo].[POS_BRANCH] ([BRANCHID], [BRANCHNAME], [BRANCHCODE], [ADDRESS], [PHONENO], [LANDLINE], [EMAILID], [SUPERVISORID], [ISWAREHOUSE], [CREATEDBY], [CREATEDDATE], [UPDATEDBY], [UPDATEDATE], [DELETEDBY], [DELETEDDATE], [STATEID]) VALUES (76, N'RAMACHANDRAPURAM', N'RCP', N'RAMACHANDRAPURAM', N'9948379437', N'08857246222', N'', 4, 0, 4, CAST(N'2021-12-14T23:22:20.267' AS DateTime), NULL, NULL, NULL, NULL, NULL)
GO
INSERT [dbo].[POS_BRANCH] ([BRANCHID], [BRANCHNAME], [BRANCHCODE], [ADDRESS], [PHONENO], [LANDLINE], [EMAILID], [SUPERVISORID], [ISWAREHOUSE], [CREATEDBY], [CREATEDDATE], [UPDATEDBY], [UPDATEDATE], [DELETEDBY], [DELETEDDATE], [STATEID]) VALUES (77, N'CHINAKONDEPUDI', N'CKP', N'CHINAKONDEPUDI', N'8919894005', N'08832458222', N'', 4, 0, 4, CAST(N'2021-12-14T23:22:20.267' AS DateTime), NULL, NULL, NULL, NULL, NULL)
GO
INSERT [dbo].[POS_BRANCH] ([BRANCHID], [BRANCHNAME], [BRANCHCODE], [ADDRESS], [PHONENO], [LANDLINE], [EMAILID], [SUPERVISORID], [ISWAREHOUSE], [CREATEDBY], [CREATEDDATE], [UPDATEDBY], [UPDATEDATE], [DELETEDBY], [DELETEDDATE], [STATEID]) VALUES (78, N'DRAKSHARAMAM', N'DKR', N'DRAKSHARAMAM', N'9866196476', N'08857251555', N'', 4, 0, 4, CAST(N'2021-12-14T23:22:20.267' AS DateTime), NULL, NULL, NULL, NULL, NULL)
GO
INSERT [dbo].[POS_BRANCH] ([BRANCHID], [BRANCHNAME], [BRANCHCODE], [ADDRESS], [PHONENO], [LANDLINE], [EMAILID], [SUPERVISORID], [ISWAREHOUSE], [CREATEDBY], [CREATEDDATE], [UPDATEDBY], [UPDATEDATE], [DELETEDBY], [DELETEDDATE], [STATEID]) VALUES (79, N'ATTILI', N'ATT', N'ATTILI', N'9154894001', N'08819255888', N'', 4, 0, 4, CAST(N'2021-12-14T23:22:20.267' AS DateTime), NULL, NULL, NULL, NULL, NULL)
GO
INSERT [dbo].[POS_BRANCH] ([BRANCHID], [BRANCHNAME], [BRANCHCODE], [ADDRESS], [PHONENO], [LANDLINE], [EMAILID], [SUPERVISORID], [ISWAREHOUSE], [CREATEDBY], [CREATEDDATE], [UPDATEDBY], [UPDATEDATE], [DELETEDBY], [DELETEDDATE], [STATEID]) VALUES (80, N'GOKAVARAM', N'GKV', N'GOKAVARAM', N'9866529351', N'08832456799', N'', 4, 0, 4, CAST(N'2021-12-14T23:22:20.267' AS DateTime), NULL, NULL, NULL, NULL, NULL)
GO
INSERT [dbo].[POS_BRANCH] ([BRANCHID], [BRANCHNAME], [BRANCHCODE], [ADDRESS], [PHONENO], [LANDLINE], [EMAILID], [SUPERVISORID], [ISWAREHOUSE], [CREATEDBY], [CREATEDDATE], [UPDATEDBY], [UPDATEDATE], [DELETEDBY], [DELETEDDATE], [STATEID]) VALUES (81, N'VIZIANAGARAM - 1', N'VZN1', N'VIZIANAGARAM - 1', N'9392289143', N'', N'', 4, 0, 4, CAST(N'2021-12-14T23:22:20.267' AS DateTime), NULL, NULL, NULL, NULL, NULL)
GO
INSERT [dbo].[POS_BRANCH] ([BRANCHID], [BRANCHNAME], [BRANCHCODE], [ADDRESS], [PHONENO], [LANDLINE], [EMAILID], [SUPERVISORID], [ISWAREHOUSE], [CREATEDBY], [CREATEDDATE], [UPDATEDBY], [UPDATEDATE], [DELETEDBY], [DELETEDDATE], [STATEID]) VALUES (82, N'VIZIANAGARAM - 2', N'VZN2', N'VIZIANAGARAM - 2', N'8341364445', N'', N'', 4, 0, 4, CAST(N'2021-12-14T23:22:20.267' AS DateTime), NULL, NULL, NULL, NULL, NULL)
GO
INSERT [dbo].[POS_BRANCH] ([BRANCHID], [BRANCHNAME], [BRANCHCODE], [ADDRESS], [PHONENO], [LANDLINE], [EMAILID], [SUPERVISORID], [ISWAREHOUSE], [CREATEDBY], [CREATEDDATE], [UPDATEDBY], [UPDATEDATE], [DELETEDBY], [DELETEDDATE], [STATEID]) VALUES (83, N'TALLAPUDI', N'TLP', N'TALLAPUDI', N'9494621356', N'', N'', 4, 0, 4, CAST(N'2021-12-14T23:22:20.267' AS DateTime), NULL, NULL, NULL, NULL, NULL)
GO
INSERT [dbo].[POS_BRANCH] ([BRANCHID], [BRANCHNAME], [BRANCHCODE], [ADDRESS], [PHONENO], [LANDLINE], [EMAILID], [SUPERVISORID], [ISWAREHOUSE], [CREATEDBY], [CREATEDDATE], [UPDATEDBY], [UPDATEDATE], [DELETEDBY], [DELETEDDATE], [STATEID]) VALUES (84, N'KAKINADA-3', N'KKD3', N'KAKINADA-3', N'9912277199', N'', N'', 4, 0, 4, CAST(N'2021-12-14T23:22:20.267' AS DateTime), NULL, NULL, NULL, NULL, NULL)
GO
INSERT [dbo].[POS_BRANCH] ([BRANCHID], [BRANCHNAME], [BRANCHCODE], [ADDRESS], [PHONENO], [LANDLINE], [EMAILID], [SUPERVISORID], [ISWAREHOUSE], [CREATEDBY], [CREATEDDATE], [UPDATEDBY], [UPDATEDATE], [DELETEDBY], [DELETEDDATE], [STATEID]) VALUES (85, N'KAKINADA-4', N'KKD4', N'KAKINADA-4', N'6281535340', N'', N'', 4, 0, 4, CAST(N'2021-12-14T23:22:20.267' AS DateTime), NULL, NULL, NULL, NULL, NULL)
GO
INSERT [dbo].[POS_BRANCH] ([BRANCHID], [BRANCHNAME], [BRANCHCODE], [ADDRESS], [PHONENO], [LANDLINE], [EMAILID], [SUPERVISORID], [ISWAREHOUSE], [CREATEDBY], [CREATEDDATE], [UPDATEDBY], [UPDATEDATE], [DELETEDBY], [DELETEDDATE], [STATEID]) VALUES (86, N'JAGGAMPETA', N'JGP', N'JAGGAMPETA', N'9951936348', N'', N'', 4, 0, 4, CAST(N'2021-12-14T23:22:20.267' AS DateTime), NULL, NULL, NULL, NULL, NULL)
GO
INSERT [dbo].[POS_BRANCH] ([BRANCHID], [BRANCHNAME], [BRANCHCODE], [ADDRESS], [PHONENO], [LANDLINE], [EMAILID], [SUPERVISORID], [ISWAREHOUSE], [CREATEDBY], [CREATEDDATE], [UPDATEDBY], [UPDATEDATE], [DELETEDBY], [DELETEDDATE], [STATEID]) VALUES (87, N'Kotananduru', N'KTN', N'Kotananduru', N'7013682822', N'', N'', 4, 0, 4, CAST(N'2021-12-14T23:22:20.267' AS DateTime), NULL, NULL, NULL, NULL, NULL)
GO
INSERT [dbo].[POS_BRANCH] ([BRANCHID], [BRANCHNAME], [BRANCHCODE], [ADDRESS], [PHONENO], [LANDLINE], [EMAILID], [SUPERVISORID], [ISWAREHOUSE], [CREATEDBY], [CREATEDDATE], [UPDATEDBY], [UPDATEDATE], [DELETEDBY], [DELETEDDATE], [STATEID]) VALUES (88, N'G MAMIDADA', N'GMD', N'G MAMIDADA', N'', N'', N'', 4, 0, 4, CAST(N'2021-12-14T23:22:20.267' AS DateTime), NULL, NULL, NULL, NULL, NULL)
GO
INSERT [dbo].[POS_BRANCHCOUNTER] ([COUNTERID], [COUNTERNAME], [BRANCHID], [CREATEDBY], [CREATEDDATE], [UPDATEDBY], [UPDATEDDATE], [DELETEDBY], [DELETEDDATE]) VALUES (1, N'COUNTER1', 8, 7, CAST(N'2021-12-12T09:55:00.597' AS DateTime), NULL, NULL, NULL, NULL)
GO
INSERT [dbo].[POS_BRANCHCOUNTER] ([COUNTERID], [COUNTERNAME], [BRANCHID], [CREATEDBY], [CREATEDDATE], [UPDATEDBY], [UPDATEDDATE], [DELETEDBY], [DELETEDDATE]) VALUES (2, N'RVPWH-1', 45, 4, CAST(N'2021-12-13T11:08:38.107' AS DateTime), NULL, NULL, NULL, NULL)
GO
INSERT [dbo].[POS_BRANCHCOUNTER] ([COUNTERID], [COUNTERNAME], [BRANCHID], [CREATEDBY], [CREATEDDATE], [UPDATEDBY], [UPDATEDDATE], [DELETEDBY], [DELETEDDATE]) VALUES (3, N'RVP1-1', 46, 4, CAST(N'2021-12-13T11:08:38.107' AS DateTime), NULL, NULL, NULL, NULL)
GO
INSERT [dbo].[POS_BRANCHCOUNTER] ([COUNTERID], [COUNTERNAME], [BRANCHID], [CREATEDBY], [CREATEDDATE], [UPDATEDBY], [UPDATEDDATE], [DELETEDBY], [DELETEDDATE]) VALUES (4, N'MDP1-1', 47, 4, CAST(N'2021-12-13T11:08:38.107' AS DateTime), NULL, NULL, NULL, NULL)
GO
INSERT [dbo].[POS_BRANCHCOUNTER] ([COUNTERID], [COUNTERNAME], [BRANCHID], [CREATEDBY], [CREATEDDATE], [UPDATEDBY], [UPDATEDDATE], [DELETEDBY], [DELETEDDATE]) VALUES (5, N'MKP-1', 48, 4, CAST(N'2021-12-13T11:08:38.107' AS DateTime), NULL, NULL, NULL, NULL)
GO
INSERT [dbo].[POS_BRANCHCOUNTER] ([COUNTERID], [COUNTERNAME], [BRANCHID], [CREATEDBY], [CREATEDDATE], [UPDATEDBY], [UPDATEDDATE], [DELETEDBY], [DELETEDDATE]) VALUES (6, N'KKD1-1', 49, 4, CAST(N'2021-12-13T11:08:38.107' AS DateTime), NULL, NULL, NULL, NULL)
GO
INSERT [dbo].[POS_BRANCHCOUNTER] ([COUNTERID], [COUNTERNAME], [BRANCHID], [CREATEDBY], [CREATEDDATE], [UPDATEDBY], [UPDATEDDATE], [DELETEDBY], [DELETEDDATE]) VALUES (7, N'AMP-1', 50, 4, CAST(N'2021-12-13T11:08:38.107' AS DateTime), NULL, NULL, NULL, NULL)
GO
INSERT [dbo].[POS_BRANCHCOUNTER] ([COUNTERID], [COUNTERNAME], [BRANCHID], [CREATEDBY], [CREATEDDATE], [UPDATEDBY], [UPDATEDDATE], [DELETEDBY], [DELETEDDATE]) VALUES (8, N'PLK1-1', 51, 4, CAST(N'2021-12-13T11:08:38.107' AS DateTime), NULL, NULL, NULL, NULL)
GO
INSERT [dbo].[POS_BRANCHCOUNTER] ([COUNTERID], [COUNTERNAME], [BRANCHID], [CREATEDBY], [CREATEDDATE], [UPDATEDBY], [UPDATEDDATE], [DELETEDBY], [DELETEDDATE]) VALUES (9, N'PDP-1', 52, 4, CAST(N'2021-12-13T11:08:38.107' AS DateTime), NULL, NULL, NULL, NULL)
GO
INSERT [dbo].[POS_BRANCHCOUNTER] ([COUNTERID], [COUNTERNAME], [BRANCHID], [CREATEDBY], [CREATEDDATE], [UPDATEDBY], [UPDATEDDATE], [DELETEDBY], [DELETEDDATE]) VALUES (10, N'KVR-1', 53, 4, CAST(N'2021-12-13T11:08:38.107' AS DateTime), NULL, NULL, NULL, NULL)
GO
INSERT [dbo].[POS_BRANCHCOUNTER] ([COUNTERID], [COUNTERNAME], [BRANCHID], [CREATEDBY], [CREATEDDATE], [UPDATEDBY], [UPDATEDDATE], [DELETEDBY], [DELETEDDATE]) VALUES (11, N'AMP2-1', 54, 4, CAST(N'2021-12-13T11:08:38.107' AS DateTime), NULL, NULL, NULL, NULL)
GO
INSERT [dbo].[POS_BRANCHCOUNTER] ([COUNTERID], [COUNTERNAME], [BRANCHID], [CREATEDBY], [CREATEDDATE], [UPDATEDBY], [UPDATEDDATE], [DELETEDBY], [DELETEDDATE]) VALUES (12, N'SKP-1', 55, 4, CAST(N'2021-12-13T11:08:38.107' AS DateTime), NULL, NULL, NULL, NULL)
GO
INSERT [dbo].[POS_BRANCHCOUNTER] ([COUNTERID], [COUNTERNAME], [BRANCHID], [CREATEDBY], [CREATEDDATE], [UPDATEDBY], [UPDATEDDATE], [DELETEDBY], [DELETEDDATE]) VALUES (13, N'ANP-1', 56, 4, CAST(N'2021-12-13T11:08:38.107' AS DateTime), NULL, NULL, NULL, NULL)
GO
INSERT [dbo].[POS_BRANCHCOUNTER] ([COUNTERID], [COUNTERNAME], [BRANCHID], [CREATEDBY], [CREATEDDATE], [UPDATEDBY], [UPDATEDDATE], [DELETEDBY], [DELETEDDATE]) VALUES (14, N'TPK-1', 57, 4, CAST(N'2021-12-13T11:08:38.107' AS DateTime), NULL, NULL, NULL, NULL)
GO
INSERT [dbo].[POS_BRANCHCOUNTER] ([COUNTERID], [COUNTERNAME], [BRANCHID], [CREATEDBY], [CREATEDDATE], [UPDATEDBY], [UPDATEDDATE], [DELETEDBY], [DELETEDDATE]) VALUES (15, N'MMD-1', 58, 4, CAST(N'2021-12-13T11:08:38.107' AS DateTime), NULL, NULL, NULL, NULL)
GO
INSERT [dbo].[POS_BRANCHCOUNTER] ([COUNTERID], [COUNTERNAME], [BRANCHID], [CREATEDBY], [CREATEDDATE], [UPDATEDBY], [UPDATEDDATE], [DELETEDBY], [DELETEDDATE]) VALUES (16, N'JRD-1', 59, 4, CAST(N'2021-12-13T11:08:38.107' AS DateTime), NULL, NULL, NULL, NULL)
GO
INSERT [dbo].[POS_BRANCHCOUNTER] ([COUNTERID], [COUNTERNAME], [BRANCHID], [CREATEDBY], [CREATEDDATE], [UPDATEDBY], [UPDATEDDATE], [DELETEDBY], [DELETEDDATE]) VALUES (17, N'KDM-1', 60, 4, CAST(N'2021-12-13T11:08:38.107' AS DateTime), NULL, NULL, NULL, NULL)
GO
INSERT [dbo].[POS_BRANCHCOUNTER] ([COUNTERID], [COUNTERNAME], [BRANCHID], [CREATEDBY], [CREATEDDATE], [UPDATEDBY], [UPDATEDDATE], [DELETEDBY], [DELETEDDATE]) VALUES (18, N'ABP-1', 61, 4, CAST(N'2021-12-13T11:08:38.107' AS DateTime), NULL, NULL, NULL, NULL)
GO
INSERT [dbo].[POS_BRANCHCOUNTER] ([COUNTERID], [COUNTERNAME], [BRANCHID], [CREATEDBY], [CREATEDDATE], [UPDATEDBY], [UPDATEDDATE], [DELETEDBY], [DELETEDDATE]) VALUES (19, N'DRP-1', 62, 4, CAST(N'2021-12-13T11:08:38.107' AS DateTime), NULL, NULL, NULL, NULL)
GO
INSERT [dbo].[POS_BRANCHCOUNTER] ([COUNTERID], [COUNTERNAME], [BRANCHID], [CREATEDBY], [CREATEDDATE], [UPDATEDBY], [UPDATEDDATE], [DELETEDBY], [DELETEDDATE]) VALUES (20, N'BJP-1', 63, 4, CAST(N'2021-12-13T11:08:38.107' AS DateTime), NULL, NULL, NULL, NULL)
GO
INSERT [dbo].[POS_BRANCHCOUNTER] ([COUNTERID], [COUNTERNAME], [BRANCHID], [CREATEDBY], [CREATEDDATE], [UPDATEDBY], [UPDATEDDATE], [DELETEDBY], [DELETEDDATE]) VALUES (21, N'YSW-1', 64, 4, CAST(N'2021-12-13T11:08:38.107' AS DateTime), NULL, NULL, NULL, NULL)
GO
INSERT [dbo].[POS_BRANCHCOUNTER] ([COUNTERID], [COUNTERNAME], [BRANCHID], [CREATEDBY], [CREATEDDATE], [UPDATEDBY], [UPDATEDDATE], [DELETEDBY], [DELETEDDATE]) VALUES (22, N'PTP-1', 65, 4, CAST(N'2021-12-13T11:08:38.107' AS DateTime), NULL, NULL, NULL, NULL)
GO
INSERT [dbo].[POS_BRANCHCOUNTER] ([COUNTERID], [COUNTERNAME], [BRANCHID], [CREATEDBY], [CREATEDDATE], [UPDATEDBY], [UPDATEDDATE], [DELETEDBY], [DELETEDDATE]) VALUES (23, N'KTK-1', 66, 4, CAST(N'2021-12-13T11:08:38.107' AS DateTime), NULL, NULL, NULL, NULL)
GO
INSERT [dbo].[POS_BRANCHCOUNTER] ([COUNTERID], [COUNTERNAME], [BRANCHID], [CREATEDBY], [CREATEDDATE], [UPDATEDBY], [UPDATEDDATE], [DELETEDBY], [DELETEDDATE]) VALUES (24, N'MKS-1', 67, 4, CAST(N'2021-12-13T11:08:38.107' AS DateTime), NULL, NULL, NULL, NULL)
GO
INSERT [dbo].[POS_BRANCHCOUNTER] ([COUNTERID], [COUNTERNAME], [BRANCHID], [CREATEDBY], [CREATEDDATE], [UPDATEDBY], [UPDATEDDATE], [DELETEDBY], [DELETEDDATE]) VALUES (25, N'NRP-1', 68, 4, CAST(N'2021-12-13T11:08:38.107' AS DateTime), NULL, NULL, NULL, NULL)
GO
INSERT [dbo].[POS_BRANCHCOUNTER] ([COUNTERID], [COUNTERNAME], [BRANCHID], [CREATEDBY], [CREATEDDATE], [UPDATEDBY], [UPDATEDDATE], [DELETEDBY], [DELETEDDATE]) VALUES (26, N'KTP-1', 69, 4, CAST(N'2021-12-13T11:08:38.107' AS DateTime), NULL, NULL, NULL, NULL)
GO
INSERT [dbo].[POS_BRANCHCOUNTER] ([COUNTERID], [COUNTERNAME], [BRANCHID], [CREATEDBY], [CREATEDDATE], [UPDATEDBY], [UPDATEDDATE], [DELETEDBY], [DELETEDDATE]) VALUES (27, N'NDV-1', 70, 4, CAST(N'2021-12-13T11:08:38.107' AS DateTime), NULL, NULL, NULL, NULL)
GO
INSERT [dbo].[POS_BRANCHCOUNTER] ([COUNTERID], [COUNTERNAME], [BRANCHID], [CREATEDBY], [CREATEDDATE], [UPDATEDBY], [UPDATEDDATE], [DELETEDBY], [DELETEDDATE]) VALUES (28, N'KDP-1', 71, 4, CAST(N'2021-12-13T11:08:38.107' AS DateTime), NULL, NULL, NULL, NULL)
GO
INSERT [dbo].[POS_BRANCHCOUNTER] ([COUNTERID], [COUNTERNAME], [BRANCHID], [CREATEDBY], [CREATEDDATE], [UPDATEDBY], [UPDATEDDATE], [DELETEDBY], [DELETEDDATE]) VALUES (29, N'JGP-1', 72, 4, CAST(N'2021-12-13T11:08:38.107' AS DateTime), NULL, NULL, NULL, NULL)
GO
INSERT [dbo].[POS_BRANCHCOUNTER] ([COUNTERID], [COUNTERNAME], [BRANCHID], [CREATEDBY], [CREATEDDATE], [UPDATEDBY], [UPDATEDDATE], [DELETEDBY], [DELETEDDATE]) VALUES (30, N'MDP2-1', 73, 4, CAST(N'2021-12-13T11:08:38.107' AS DateTime), NULL, NULL, NULL, NULL)
GO
INSERT [dbo].[POS_BRANCHCOUNTER] ([COUNTERID], [COUNTERNAME], [BRANCHID], [CREATEDBY], [CREATEDDATE], [UPDATEDBY], [UPDATEDDATE], [DELETEDBY], [DELETEDDATE]) VALUES (31, N'RVP2-1', 74, 4, CAST(N'2021-12-13T11:08:38.107' AS DateTime), NULL, NULL, NULL, NULL)
GO
INSERT [dbo].[POS_BRANCHCOUNTER] ([COUNTERID], [COUNTERNAME], [BRANCHID], [CREATEDBY], [CREATEDDATE], [UPDATEDBY], [UPDATEDDATE], [DELETEDBY], [DELETEDDATE]) VALUES (32, N'PLK2-1', 75, 4, CAST(N'2021-12-13T11:08:38.107' AS DateTime), NULL, NULL, NULL, NULL)
GO
INSERT [dbo].[POS_BRANCHCOUNTER] ([COUNTERID], [COUNTERNAME], [BRANCHID], [CREATEDBY], [CREATEDDATE], [UPDATEDBY], [UPDATEDDATE], [DELETEDBY], [DELETEDDATE]) VALUES (33, N'RCP-1', 76, 4, CAST(N'2021-12-13T11:08:38.107' AS DateTime), NULL, NULL, NULL, NULL)
GO
INSERT [dbo].[POS_BRANCHCOUNTER] ([COUNTERID], [COUNTERNAME], [BRANCHID], [CREATEDBY], [CREATEDDATE], [UPDATEDBY], [UPDATEDDATE], [DELETEDBY], [DELETEDDATE]) VALUES (34, N'CKP-1', 77, 4, CAST(N'2021-12-13T11:08:38.107' AS DateTime), NULL, NULL, NULL, NULL)
GO
INSERT [dbo].[POS_BRANCHCOUNTER] ([COUNTERID], [COUNTERNAME], [BRANCHID], [CREATEDBY], [CREATEDDATE], [UPDATEDBY], [UPDATEDDATE], [DELETEDBY], [DELETEDDATE]) VALUES (35, N'DKR-1', 78, 4, CAST(N'2021-12-13T11:08:38.107' AS DateTime), NULL, NULL, NULL, NULL)
GO
INSERT [dbo].[POS_BRANCHCOUNTER] ([COUNTERID], [COUNTERNAME], [BRANCHID], [CREATEDBY], [CREATEDDATE], [UPDATEDBY], [UPDATEDDATE], [DELETEDBY], [DELETEDDATE]) VALUES (36, N'ATT-1', 79, 4, CAST(N'2021-12-13T11:08:38.107' AS DateTime), NULL, NULL, NULL, NULL)
GO
INSERT [dbo].[POS_BRANCHCOUNTER] ([COUNTERID], [COUNTERNAME], [BRANCHID], [CREATEDBY], [CREATEDDATE], [UPDATEDBY], [UPDATEDDATE], [DELETEDBY], [DELETEDDATE]) VALUES (37, N'GKV-1', 80, 4, CAST(N'2021-12-13T11:08:38.107' AS DateTime), NULL, NULL, NULL, NULL)
GO
INSERT [dbo].[POS_BRANCHCOUNTER] ([COUNTERID], [COUNTERNAME], [BRANCHID], [CREATEDBY], [CREATEDDATE], [UPDATEDBY], [UPDATEDDATE], [DELETEDBY], [DELETEDDATE]) VALUES (38, N'VZN1-1', 81, 4, CAST(N'2021-12-13T11:08:38.107' AS DateTime), NULL, NULL, NULL, NULL)
GO
INSERT [dbo].[POS_BRANCHCOUNTER] ([COUNTERID], [COUNTERNAME], [BRANCHID], [CREATEDBY], [CREATEDDATE], [UPDATEDBY], [UPDATEDDATE], [DELETEDBY], [DELETEDDATE]) VALUES (39, N'VZN2-1', 82, 4, CAST(N'2021-12-13T11:08:38.107' AS DateTime), NULL, NULL, NULL, NULL)
GO
INSERT [dbo].[POS_BRANCHCOUNTER] ([COUNTERID], [COUNTERNAME], [BRANCHID], [CREATEDBY], [CREATEDDATE], [UPDATEDBY], [UPDATEDDATE], [DELETEDBY], [DELETEDDATE]) VALUES (40, N'TLP-1', 83, 4, CAST(N'2021-12-13T11:08:38.107' AS DateTime), NULL, NULL, NULL, NULL)
GO
INSERT [dbo].[POS_BRANCHCOUNTER] ([COUNTERID], [COUNTERNAME], [BRANCHID], [CREATEDBY], [CREATEDDATE], [UPDATEDBY], [UPDATEDDATE], [DELETEDBY], [DELETEDDATE]) VALUES (41, N'KKD3-1', 84, 4, CAST(N'2021-12-13T11:08:38.107' AS DateTime), NULL, NULL, NULL, NULL)
GO
INSERT [dbo].[POS_BRANCHCOUNTER] ([COUNTERID], [COUNTERNAME], [BRANCHID], [CREATEDBY], [CREATEDDATE], [UPDATEDBY], [UPDATEDDATE], [DELETEDBY], [DELETEDDATE]) VALUES (42, N'KKD4-1', 85, 4, CAST(N'2021-12-13T11:08:38.107' AS DateTime), NULL, NULL, NULL, NULL)
GO
INSERT [dbo].[POS_BRANCHCOUNTER] ([COUNTERID], [COUNTERNAME], [BRANCHID], [CREATEDBY], [CREATEDDATE], [UPDATEDBY], [UPDATEDDATE], [DELETEDBY], [DELETEDDATE]) VALUES (43, N'JGP-1', 86, 4, CAST(N'2021-12-13T11:08:38.107' AS DateTime), NULL, NULL, NULL, NULL)
GO
INSERT [dbo].[POS_BRANCHCOUNTER] ([COUNTERID], [COUNTERNAME], [BRANCHID], [CREATEDBY], [CREATEDDATE], [UPDATEDBY], [UPDATEDDATE], [DELETEDBY], [DELETEDDATE]) VALUES (44, N'KTN-1', 87, 4, CAST(N'2021-12-13T11:08:38.107' AS DateTime), NULL, NULL, NULL, NULL)
GO
INSERT [dbo].[POS_BRANCHCOUNTER] ([COUNTERID], [COUNTERNAME], [BRANCHID], [CREATEDBY], [CREATEDDATE], [UPDATEDBY], [UPDATEDDATE], [DELETEDBY], [DELETEDDATE]) VALUES (45, N'GMD-1', 88, 4, CAST(N'2021-12-13T11:08:38.107' AS DateTime), NULL, NULL, NULL, NULL)
GO
INSERT [dbo].[POS_BRANCHCOUNTER] ([COUNTERID], [COUNTERNAME], [BRANCHID], [CREATEDBY], [CREATEDDATE], [UPDATEDBY], [UPDATEDDATE], [DELETEDBY], [DELETEDDATE]) VALUES (46, N'RVPWH-2', 45, 4, CAST(N'2021-12-13T11:08:38.107' AS DateTime), NULL, NULL, NULL, NULL)
GO
INSERT [dbo].[POS_BRANCHCOUNTER] ([COUNTERID], [COUNTERNAME], [BRANCHID], [CREATEDBY], [CREATEDDATE], [UPDATEDBY], [UPDATEDDATE], [DELETEDBY], [DELETEDDATE]) VALUES (47, N'RVP1-2', 46, 4, CAST(N'2021-12-13T11:08:38.107' AS DateTime), NULL, NULL, NULL, NULL)
GO
INSERT [dbo].[POS_BRANCHCOUNTER] ([COUNTERID], [COUNTERNAME], [BRANCHID], [CREATEDBY], [CREATEDDATE], [UPDATEDBY], [UPDATEDDATE], [DELETEDBY], [DELETEDDATE]) VALUES (48, N'MDP1-2', 47, 4, CAST(N'2021-12-13T11:08:38.107' AS DateTime), NULL, NULL, NULL, NULL)
GO
INSERT [dbo].[POS_BRANCHCOUNTER] ([COUNTERID], [COUNTERNAME], [BRANCHID], [CREATEDBY], [CREATEDDATE], [UPDATEDBY], [UPDATEDDATE], [DELETEDBY], [DELETEDDATE]) VALUES (49, N'MKP-2', 48, 4, CAST(N'2021-12-13T11:08:38.107' AS DateTime), NULL, NULL, NULL, NULL)
GO
INSERT [dbo].[POS_BRANCHCOUNTER] ([COUNTERID], [COUNTERNAME], [BRANCHID], [CREATEDBY], [CREATEDDATE], [UPDATEDBY], [UPDATEDDATE], [DELETEDBY], [DELETEDDATE]) VALUES (50, N'KKD1-2', 49, 4, CAST(N'2021-12-13T11:08:38.107' AS DateTime), NULL, NULL, NULL, NULL)
GO
INSERT [dbo].[POS_BRANCHCOUNTER] ([COUNTERID], [COUNTERNAME], [BRANCHID], [CREATEDBY], [CREATEDDATE], [UPDATEDBY], [UPDATEDDATE], [DELETEDBY], [DELETEDDATE]) VALUES (51, N'AMP-2', 50, 4, CAST(N'2021-12-13T11:08:38.107' AS DateTime), NULL, NULL, NULL, NULL)
GO
INSERT [dbo].[POS_BRANCHCOUNTER] ([COUNTERID], [COUNTERNAME], [BRANCHID], [CREATEDBY], [CREATEDDATE], [UPDATEDBY], [UPDATEDDATE], [DELETEDBY], [DELETEDDATE]) VALUES (52, N'PLK1-2', 51, 4, CAST(N'2021-12-13T11:08:38.107' AS DateTime), NULL, NULL, NULL, NULL)
GO
INSERT [dbo].[POS_BRANCHCOUNTER] ([COUNTERID], [COUNTERNAME], [BRANCHID], [CREATEDBY], [CREATEDDATE], [UPDATEDBY], [UPDATEDDATE], [DELETEDBY], [DELETEDDATE]) VALUES (53, N'PDP-2', 52, 4, CAST(N'2021-12-13T11:08:38.107' AS DateTime), NULL, NULL, NULL, NULL)
GO
INSERT [dbo].[POS_BRANCHCOUNTER] ([COUNTERID], [COUNTERNAME], [BRANCHID], [CREATEDBY], [CREATEDDATE], [UPDATEDBY], [UPDATEDDATE], [DELETEDBY], [DELETEDDATE]) VALUES (54, N'KVR-2', 53, 4, CAST(N'2021-12-13T11:08:38.107' AS DateTime), NULL, NULL, NULL, NULL)
GO
INSERT [dbo].[POS_BRANCHCOUNTER] ([COUNTERID], [COUNTERNAME], [BRANCHID], [CREATEDBY], [CREATEDDATE], [UPDATEDBY], [UPDATEDDATE], [DELETEDBY], [DELETEDDATE]) VALUES (55, N'AMP2-2', 54, 4, CAST(N'2021-12-13T11:08:38.107' AS DateTime), NULL, NULL, NULL, NULL)
GO
INSERT [dbo].[POS_BRANCHCOUNTER] ([COUNTERID], [COUNTERNAME], [BRANCHID], [CREATEDBY], [CREATEDDATE], [UPDATEDBY], [UPDATEDDATE], [DELETEDBY], [DELETEDDATE]) VALUES (56, N'SKP-2', 55, 4, CAST(N'2021-12-13T11:08:38.107' AS DateTime), NULL, NULL, NULL, NULL)
GO
INSERT [dbo].[POS_BRANCHCOUNTER] ([COUNTERID], [COUNTERNAME], [BRANCHID], [CREATEDBY], [CREATEDDATE], [UPDATEDBY], [UPDATEDDATE], [DELETEDBY], [DELETEDDATE]) VALUES (57, N'ANP-2', 56, 4, CAST(N'2021-12-13T11:08:38.107' AS DateTime), NULL, NULL, NULL, NULL)
GO
INSERT [dbo].[POS_BRANCHCOUNTER] ([COUNTERID], [COUNTERNAME], [BRANCHID], [CREATEDBY], [CREATEDDATE], [UPDATEDBY], [UPDATEDDATE], [DELETEDBY], [DELETEDDATE]) VALUES (58, N'TPK-2', 57, 4, CAST(N'2021-12-13T11:08:38.107' AS DateTime), NULL, NULL, NULL, NULL)
GO
INSERT [dbo].[POS_BRANCHCOUNTER] ([COUNTERID], [COUNTERNAME], [BRANCHID], [CREATEDBY], [CREATEDDATE], [UPDATEDBY], [UPDATEDDATE], [DELETEDBY], [DELETEDDATE]) VALUES (59, N'MMD-2', 58, 4, CAST(N'2021-12-13T11:08:38.107' AS DateTime), NULL, NULL, NULL, NULL)
GO
INSERT [dbo].[POS_BRANCHCOUNTER] ([COUNTERID], [COUNTERNAME], [BRANCHID], [CREATEDBY], [CREATEDDATE], [UPDATEDBY], [UPDATEDDATE], [DELETEDBY], [DELETEDDATE]) VALUES (60, N'JRD-2', 59, 4, CAST(N'2021-12-13T11:08:38.107' AS DateTime), NULL, NULL, NULL, NULL)
GO
INSERT [dbo].[POS_BRANCHCOUNTER] ([COUNTERID], [COUNTERNAME], [BRANCHID], [CREATEDBY], [CREATEDDATE], [UPDATEDBY], [UPDATEDDATE], [DELETEDBY], [DELETEDDATE]) VALUES (61, N'KDM-2', 60, 4, CAST(N'2021-12-13T11:08:38.107' AS DateTime), NULL, NULL, NULL, NULL)
GO
INSERT [dbo].[POS_BRANCHCOUNTER] ([COUNTERID], [COUNTERNAME], [BRANCHID], [CREATEDBY], [CREATEDDATE], [UPDATEDBY], [UPDATEDDATE], [DELETEDBY], [DELETEDDATE]) VALUES (62, N'ABP-2', 61, 4, CAST(N'2021-12-13T11:08:38.107' AS DateTime), NULL, NULL, NULL, NULL)
GO
INSERT [dbo].[POS_BRANCHCOUNTER] ([COUNTERID], [COUNTERNAME], [BRANCHID], [CREATEDBY], [CREATEDDATE], [UPDATEDBY], [UPDATEDDATE], [DELETEDBY], [DELETEDDATE]) VALUES (63, N'DRP-2', 62, 4, CAST(N'2021-12-13T11:08:38.107' AS DateTime), NULL, NULL, NULL, NULL)
GO
INSERT [dbo].[POS_BRANCHCOUNTER] ([COUNTERID], [COUNTERNAME], [BRANCHID], [CREATEDBY], [CREATEDDATE], [UPDATEDBY], [UPDATEDDATE], [DELETEDBY], [DELETEDDATE]) VALUES (64, N'BJP-2', 63, 4, CAST(N'2021-12-13T11:08:38.107' AS DateTime), NULL, NULL, NULL, NULL)
GO
INSERT [dbo].[POS_BRANCHCOUNTER] ([COUNTERID], [COUNTERNAME], [BRANCHID], [CREATEDBY], [CREATEDDATE], [UPDATEDBY], [UPDATEDDATE], [DELETEDBY], [DELETEDDATE]) VALUES (65, N'YSW-2', 64, 4, CAST(N'2021-12-13T11:08:38.107' AS DateTime), NULL, NULL, NULL, NULL)
GO
INSERT [dbo].[POS_BRANCHCOUNTER] ([COUNTERID], [COUNTERNAME], [BRANCHID], [CREATEDBY], [CREATEDDATE], [UPDATEDBY], [UPDATEDDATE], [DELETEDBY], [DELETEDDATE]) VALUES (66, N'PTP-2', 65, 4, CAST(N'2021-12-13T11:08:38.107' AS DateTime), NULL, NULL, NULL, NULL)
GO
INSERT [dbo].[POS_BRANCHCOUNTER] ([COUNTERID], [COUNTERNAME], [BRANCHID], [CREATEDBY], [CREATEDDATE], [UPDATEDBY], [UPDATEDDATE], [DELETEDBY], [DELETEDDATE]) VALUES (67, N'KTK-2', 66, 4, CAST(N'2021-12-13T11:08:38.107' AS DateTime), NULL, NULL, NULL, NULL)
GO
INSERT [dbo].[POS_BRANCHCOUNTER] ([COUNTERID], [COUNTERNAME], [BRANCHID], [CREATEDBY], [CREATEDDATE], [UPDATEDBY], [UPDATEDDATE], [DELETEDBY], [DELETEDDATE]) VALUES (68, N'MKS-2', 67, 4, CAST(N'2021-12-13T11:08:38.107' AS DateTime), NULL, NULL, NULL, NULL)
GO
INSERT [dbo].[POS_BRANCHCOUNTER] ([COUNTERID], [COUNTERNAME], [BRANCHID], [CREATEDBY], [CREATEDDATE], [UPDATEDBY], [UPDATEDDATE], [DELETEDBY], [DELETEDDATE]) VALUES (69, N'NRP-2', 68, 4, CAST(N'2021-12-13T11:08:38.107' AS DateTime), NULL, NULL, NULL, NULL)
GO
INSERT [dbo].[POS_BRANCHCOUNTER] ([COUNTERID], [COUNTERNAME], [BRANCHID], [CREATEDBY], [CREATEDDATE], [UPDATEDBY], [UPDATEDDATE], [DELETEDBY], [DELETEDDATE]) VALUES (70, N'KTP-2', 69, 4, CAST(N'2021-12-13T11:08:38.107' AS DateTime), NULL, NULL, NULL, NULL)
GO
INSERT [dbo].[POS_BRANCHCOUNTER] ([COUNTERID], [COUNTERNAME], [BRANCHID], [CREATEDBY], [CREATEDDATE], [UPDATEDBY], [UPDATEDDATE], [DELETEDBY], [DELETEDDATE]) VALUES (71, N'NDV-2', 70, 4, CAST(N'2021-12-13T11:08:38.107' AS DateTime), NULL, NULL, NULL, NULL)
GO
INSERT [dbo].[POS_BRANCHCOUNTER] ([COUNTERID], [COUNTERNAME], [BRANCHID], [CREATEDBY], [CREATEDDATE], [UPDATEDBY], [UPDATEDDATE], [DELETEDBY], [DELETEDDATE]) VALUES (72, N'KDP-2', 71, 4, CAST(N'2021-12-13T11:08:38.107' AS DateTime), NULL, NULL, NULL, NULL)
GO
INSERT [dbo].[POS_BRANCHCOUNTER] ([COUNTERID], [COUNTERNAME], [BRANCHID], [CREATEDBY], [CREATEDDATE], [UPDATEDBY], [UPDATEDDATE], [DELETEDBY], [DELETEDDATE]) VALUES (73, N'JGP-2', 72, 4, CAST(N'2021-12-13T11:08:38.107' AS DateTime), NULL, NULL, NULL, NULL)
GO
INSERT [dbo].[POS_BRANCHCOUNTER] ([COUNTERID], [COUNTERNAME], [BRANCHID], [CREATEDBY], [CREATEDDATE], [UPDATEDBY], [UPDATEDDATE], [DELETEDBY], [DELETEDDATE]) VALUES (74, N'MDP2-2', 73, 4, CAST(N'2021-12-13T11:08:38.107' AS DateTime), NULL, NULL, NULL, NULL)
GO
INSERT [dbo].[POS_BRANCHCOUNTER] ([COUNTERID], [COUNTERNAME], [BRANCHID], [CREATEDBY], [CREATEDDATE], [UPDATEDBY], [UPDATEDDATE], [DELETEDBY], [DELETEDDATE]) VALUES (75, N'RVP2-2', 74, 4, CAST(N'2021-12-13T11:08:38.107' AS DateTime), NULL, NULL, NULL, NULL)
GO
INSERT [dbo].[POS_BRANCHCOUNTER] ([COUNTERID], [COUNTERNAME], [BRANCHID], [CREATEDBY], [CREATEDDATE], [UPDATEDBY], [UPDATEDDATE], [DELETEDBY], [DELETEDDATE]) VALUES (76, N'PLK2-2', 75, 4, CAST(N'2021-12-13T11:08:38.107' AS DateTime), NULL, NULL, NULL, NULL)
GO
INSERT [dbo].[POS_BRANCHCOUNTER] ([COUNTERID], [COUNTERNAME], [BRANCHID], [CREATEDBY], [CREATEDDATE], [UPDATEDBY], [UPDATEDDATE], [DELETEDBY], [DELETEDDATE]) VALUES (77, N'RCP-2', 76, 4, CAST(N'2021-12-13T11:08:38.107' AS DateTime), NULL, NULL, NULL, NULL)
GO
INSERT [dbo].[POS_BRANCHCOUNTER] ([COUNTERID], [COUNTERNAME], [BRANCHID], [CREATEDBY], [CREATEDDATE], [UPDATEDBY], [UPDATEDDATE], [DELETEDBY], [DELETEDDATE]) VALUES (78, N'CKP-2', 77, 4, CAST(N'2021-12-13T11:08:38.107' AS DateTime), NULL, NULL, NULL, NULL)
GO
INSERT [dbo].[POS_BRANCHCOUNTER] ([COUNTERID], [COUNTERNAME], [BRANCHID], [CREATEDBY], [CREATEDDATE], [UPDATEDBY], [UPDATEDDATE], [DELETEDBY], [DELETEDDATE]) VALUES (79, N'DKR-2', 78, 4, CAST(N'2021-12-13T11:08:38.107' AS DateTime), NULL, NULL, NULL, NULL)
GO
INSERT [dbo].[POS_BRANCHCOUNTER] ([COUNTERID], [COUNTERNAME], [BRANCHID], [CREATEDBY], [CREATEDDATE], [UPDATEDBY], [UPDATEDDATE], [DELETEDBY], [DELETEDDATE]) VALUES (80, N'ATT-2', 79, 4, CAST(N'2021-12-13T11:08:38.107' AS DateTime), NULL, NULL, NULL, NULL)
GO
INSERT [dbo].[POS_BRANCHCOUNTER] ([COUNTERID], [COUNTERNAME], [BRANCHID], [CREATEDBY], [CREATEDDATE], [UPDATEDBY], [UPDATEDDATE], [DELETEDBY], [DELETEDDATE]) VALUES (81, N'GKV-2', 80, 4, CAST(N'2021-12-13T11:08:38.107' AS DateTime), NULL, NULL, NULL, NULL)
GO
INSERT [dbo].[POS_BRANCHCOUNTER] ([COUNTERID], [COUNTERNAME], [BRANCHID], [CREATEDBY], [CREATEDDATE], [UPDATEDBY], [UPDATEDDATE], [DELETEDBY], [DELETEDDATE]) VALUES (82, N'VZN1-2', 81, 4, CAST(N'2021-12-13T11:08:38.107' AS DateTime), NULL, NULL, NULL, NULL)
GO
INSERT [dbo].[POS_BRANCHCOUNTER] ([COUNTERID], [COUNTERNAME], [BRANCHID], [CREATEDBY], [CREATEDDATE], [UPDATEDBY], [UPDATEDDATE], [DELETEDBY], [DELETEDDATE]) VALUES (83, N'VZN2-2', 82, 4, CAST(N'2021-12-13T11:08:38.107' AS DateTime), NULL, NULL, NULL, NULL)
GO
INSERT [dbo].[POS_BRANCHCOUNTER] ([COUNTERID], [COUNTERNAME], [BRANCHID], [CREATEDBY], [CREATEDDATE], [UPDATEDBY], [UPDATEDDATE], [DELETEDBY], [DELETEDDATE]) VALUES (84, N'TLP-2', 83, 4, CAST(N'2021-12-13T11:08:38.107' AS DateTime), NULL, NULL, NULL, NULL)
GO
INSERT [dbo].[POS_BRANCHCOUNTER] ([COUNTERID], [COUNTERNAME], [BRANCHID], [CREATEDBY], [CREATEDDATE], [UPDATEDBY], [UPDATEDDATE], [DELETEDBY], [DELETEDDATE]) VALUES (85, N'KKD3-2', 84, 4, CAST(N'2021-12-13T11:08:38.107' AS DateTime), NULL, NULL, NULL, NULL)
GO
INSERT [dbo].[POS_BRANCHCOUNTER] ([COUNTERID], [COUNTERNAME], [BRANCHID], [CREATEDBY], [CREATEDDATE], [UPDATEDBY], [UPDATEDDATE], [DELETEDBY], [DELETEDDATE]) VALUES (86, N'KKD4-2', 85, 4, CAST(N'2021-12-13T11:08:38.107' AS DateTime), NULL, NULL, NULL, NULL)
GO
INSERT [dbo].[POS_BRANCHCOUNTER] ([COUNTERID], [COUNTERNAME], [BRANCHID], [CREATEDBY], [CREATEDDATE], [UPDATEDBY], [UPDATEDDATE], [DELETEDBY], [DELETEDDATE]) VALUES (87, N'JGP-2', 86, 4, CAST(N'2021-12-13T11:08:38.107' AS DateTime), NULL, NULL, NULL, NULL)
GO
INSERT [dbo].[POS_BRANCHCOUNTER] ([COUNTERID], [COUNTERNAME], [BRANCHID], [CREATEDBY], [CREATEDDATE], [UPDATEDBY], [UPDATEDDATE], [DELETEDBY], [DELETEDDATE]) VALUES (88, N'KTN-2', 87, 4, CAST(N'2021-12-13T11:08:38.107' AS DateTime), NULL, NULL, NULL, NULL)
GO
INSERT [dbo].[POS_BRANCHCOUNTER] ([COUNTERID], [COUNTERNAME], [BRANCHID], [CREATEDBY], [CREATEDDATE], [UPDATEDBY], [UPDATEDDATE], [DELETEDBY], [DELETEDDATE]) VALUES (89, N'GMD-2', 88, 4, CAST(N'2021-12-13T11:08:38.107' AS DateTime), NULL, NULL, NULL, NULL)
GO
INSERT [dbo].[POS_BRANCHCOUNTER] ([COUNTERID], [COUNTERNAME], [BRANCHID], [CREATEDBY], [CREATEDDATE], [UPDATEDBY], [UPDATEDDATE], [DELETEDBY], [DELETEDDATE]) VALUES (90, N'RVPWH-3', 45, 4, CAST(N'2021-12-13T11:08:38.107' AS DateTime), NULL, NULL, NULL, NULL)
GO
INSERT [dbo].[POS_BRANCHCOUNTER] ([COUNTERID], [COUNTERNAME], [BRANCHID], [CREATEDBY], [CREATEDDATE], [UPDATEDBY], [UPDATEDDATE], [DELETEDBY], [DELETEDDATE]) VALUES (91, N'RVP1-3', 46, 4, CAST(N'2021-12-13T11:08:38.107' AS DateTime), NULL, NULL, NULL, NULL)
GO
INSERT [dbo].[POS_BRANCHCOUNTER] ([COUNTERID], [COUNTERNAME], [BRANCHID], [CREATEDBY], [CREATEDDATE], [UPDATEDBY], [UPDATEDDATE], [DELETEDBY], [DELETEDDATE]) VALUES (92, N'MDP1-3', 47, 4, CAST(N'2021-12-13T11:08:38.107' AS DateTime), NULL, NULL, NULL, NULL)
GO
INSERT [dbo].[POS_BRANCHCOUNTER] ([COUNTERID], [COUNTERNAME], [BRANCHID], [CREATEDBY], [CREATEDDATE], [UPDATEDBY], [UPDATEDDATE], [DELETEDBY], [DELETEDDATE]) VALUES (93, N'MKP-3', 48, 4, CAST(N'2021-12-13T11:08:38.107' AS DateTime), NULL, NULL, NULL, NULL)
GO
INSERT [dbo].[POS_BRANCHCOUNTER] ([COUNTERID], [COUNTERNAME], [BRANCHID], [CREATEDBY], [CREATEDDATE], [UPDATEDBY], [UPDATEDDATE], [DELETEDBY], [DELETEDDATE]) VALUES (94, N'KKD1-3', 49, 4, CAST(N'2021-12-13T11:08:38.107' AS DateTime), NULL, NULL, NULL, NULL)
GO
INSERT [dbo].[POS_BRANCHCOUNTER] ([COUNTERID], [COUNTERNAME], [BRANCHID], [CREATEDBY], [CREATEDDATE], [UPDATEDBY], [UPDATEDDATE], [DELETEDBY], [DELETEDDATE]) VALUES (95, N'AMP-3', 50, 4, CAST(N'2021-12-13T11:08:38.107' AS DateTime), NULL, NULL, NULL, NULL)
GO
INSERT [dbo].[POS_BRANCHCOUNTER] ([COUNTERID], [COUNTERNAME], [BRANCHID], [CREATEDBY], [CREATEDDATE], [UPDATEDBY], [UPDATEDDATE], [DELETEDBY], [DELETEDDATE]) VALUES (96, N'PLK1-3', 51, 4, CAST(N'2021-12-13T11:08:38.107' AS DateTime), NULL, NULL, NULL, NULL)
GO
INSERT [dbo].[POS_BRANCHCOUNTER] ([COUNTERID], [COUNTERNAME], [BRANCHID], [CREATEDBY], [CREATEDDATE], [UPDATEDBY], [UPDATEDDATE], [DELETEDBY], [DELETEDDATE]) VALUES (97, N'PDP-3', 52, 4, CAST(N'2021-12-13T11:08:38.107' AS DateTime), NULL, NULL, NULL, NULL)
GO
INSERT [dbo].[POS_BRANCHCOUNTER] ([COUNTERID], [COUNTERNAME], [BRANCHID], [CREATEDBY], [CREATEDDATE], [UPDATEDBY], [UPDATEDDATE], [DELETEDBY], [DELETEDDATE]) VALUES (98, N'KVR-3', 53, 4, CAST(N'2021-12-13T11:08:38.107' AS DateTime), NULL, NULL, NULL, NULL)
GO
INSERT [dbo].[POS_BRANCHCOUNTER] ([COUNTERID], [COUNTERNAME], [BRANCHID], [CREATEDBY], [CREATEDDATE], [UPDATEDBY], [UPDATEDDATE], [DELETEDBY], [DELETEDDATE]) VALUES (99, N'AMP2-3', 54, 4, CAST(N'2021-12-13T11:08:38.107' AS DateTime), NULL, NULL, NULL, NULL)
GO
INSERT [dbo].[POS_BRANCHCOUNTER] ([COUNTERID], [COUNTERNAME], [BRANCHID], [CREATEDBY], [CREATEDDATE], [UPDATEDBY], [UPDATEDDATE], [DELETEDBY], [DELETEDDATE]) VALUES (100, N'SKP-3', 55, 4, CAST(N'2021-12-13T11:08:38.107' AS DateTime), NULL, NULL, NULL, NULL)
GO
INSERT [dbo].[POS_BRANCHCOUNTER] ([COUNTERID], [COUNTERNAME], [BRANCHID], [CREATEDBY], [CREATEDDATE], [UPDATEDBY], [UPDATEDDATE], [DELETEDBY], [DELETEDDATE]) VALUES (101, N'ANP-3', 56, 4, CAST(N'2021-12-13T11:08:38.107' AS DateTime), NULL, NULL, NULL, NULL)
GO
INSERT [dbo].[POS_BRANCHCOUNTER] ([COUNTERID], [COUNTERNAME], [BRANCHID], [CREATEDBY], [CREATEDDATE], [UPDATEDBY], [UPDATEDDATE], [DELETEDBY], [DELETEDDATE]) VALUES (102, N'TPK-3', 57, 4, CAST(N'2021-12-13T11:08:38.107' AS DateTime), NULL, NULL, NULL, NULL)
GO
INSERT [dbo].[POS_BRANCHCOUNTER] ([COUNTERID], [COUNTERNAME], [BRANCHID], [CREATEDBY], [CREATEDDATE], [UPDATEDBY], [UPDATEDDATE], [DELETEDBY], [DELETEDDATE]) VALUES (103, N'MMD-3', 58, 4, CAST(N'2021-12-13T11:08:38.107' AS DateTime), NULL, NULL, NULL, NULL)
GO
INSERT [dbo].[POS_BRANCHCOUNTER] ([COUNTERID], [COUNTERNAME], [BRANCHID], [CREATEDBY], [CREATEDDATE], [UPDATEDBY], [UPDATEDDATE], [DELETEDBY], [DELETEDDATE]) VALUES (104, N'JRD-3', 59, 4, CAST(N'2021-12-13T11:08:38.107' AS DateTime), NULL, NULL, NULL, NULL)
GO
INSERT [dbo].[POS_BRANCHCOUNTER] ([COUNTERID], [COUNTERNAME], [BRANCHID], [CREATEDBY], [CREATEDDATE], [UPDATEDBY], [UPDATEDDATE], [DELETEDBY], [DELETEDDATE]) VALUES (105, N'KDM-3', 60, 4, CAST(N'2021-12-13T11:08:38.107' AS DateTime), NULL, NULL, NULL, NULL)
GO
INSERT [dbo].[POS_BRANCHCOUNTER] ([COUNTERID], [COUNTERNAME], [BRANCHID], [CREATEDBY], [CREATEDDATE], [UPDATEDBY], [UPDATEDDATE], [DELETEDBY], [DELETEDDATE]) VALUES (106, N'ABP-3', 61, 4, CAST(N'2021-12-13T11:08:38.107' AS DateTime), NULL, NULL, NULL, NULL)
GO
INSERT [dbo].[POS_BRANCHCOUNTER] ([COUNTERID], [COUNTERNAME], [BRANCHID], [CREATEDBY], [CREATEDDATE], [UPDATEDBY], [UPDATEDDATE], [DELETEDBY], [DELETEDDATE]) VALUES (107, N'DRP-3', 62, 4, CAST(N'2021-12-13T11:08:38.107' AS DateTime), NULL, NULL, NULL, NULL)
GO
INSERT [dbo].[POS_BRANCHCOUNTER] ([COUNTERID], [COUNTERNAME], [BRANCHID], [CREATEDBY], [CREATEDDATE], [UPDATEDBY], [UPDATEDDATE], [DELETEDBY], [DELETEDDATE]) VALUES (108, N'BJP-3', 63, 4, CAST(N'2021-12-13T11:08:38.107' AS DateTime), NULL, NULL, NULL, NULL)
GO
INSERT [dbo].[POS_BRANCHCOUNTER] ([COUNTERID], [COUNTERNAME], [BRANCHID], [CREATEDBY], [CREATEDDATE], [UPDATEDBY], [UPDATEDDATE], [DELETEDBY], [DELETEDDATE]) VALUES (109, N'YSW-3', 64, 4, CAST(N'2021-12-13T11:08:38.107' AS DateTime), NULL, NULL, NULL, NULL)
GO
INSERT [dbo].[POS_BRANCHCOUNTER] ([COUNTERID], [COUNTERNAME], [BRANCHID], [CREATEDBY], [CREATEDDATE], [UPDATEDBY], [UPDATEDDATE], [DELETEDBY], [DELETEDDATE]) VALUES (110, N'PTP-3', 65, 4, CAST(N'2021-12-13T11:08:38.107' AS DateTime), NULL, NULL, NULL, NULL)
GO
INSERT [dbo].[POS_BRANCHCOUNTER] ([COUNTERID], [COUNTERNAME], [BRANCHID], [CREATEDBY], [CREATEDDATE], [UPDATEDBY], [UPDATEDDATE], [DELETEDBY], [DELETEDDATE]) VALUES (111, N'KTK-3', 66, 4, CAST(N'2021-12-13T11:08:38.107' AS DateTime), NULL, NULL, NULL, NULL)
GO
INSERT [dbo].[POS_BRANCHCOUNTER] ([COUNTERID], [COUNTERNAME], [BRANCHID], [CREATEDBY], [CREATEDDATE], [UPDATEDBY], [UPDATEDDATE], [DELETEDBY], [DELETEDDATE]) VALUES (112, N'MKS-3', 67, 4, CAST(N'2021-12-13T11:08:38.107' AS DateTime), NULL, NULL, NULL, NULL)
GO
INSERT [dbo].[POS_BRANCHCOUNTER] ([COUNTERID], [COUNTERNAME], [BRANCHID], [CREATEDBY], [CREATEDDATE], [UPDATEDBY], [UPDATEDDATE], [DELETEDBY], [DELETEDDATE]) VALUES (113, N'NRP-3', 68, 4, CAST(N'2021-12-13T11:08:38.107' AS DateTime), NULL, NULL, NULL, NULL)
GO
INSERT [dbo].[POS_BRANCHCOUNTER] ([COUNTERID], [COUNTERNAME], [BRANCHID], [CREATEDBY], [CREATEDDATE], [UPDATEDBY], [UPDATEDDATE], [DELETEDBY], [DELETEDDATE]) VALUES (114, N'KTP-3', 69, 4, CAST(N'2021-12-13T11:08:38.107' AS DateTime), NULL, NULL, NULL, NULL)
GO
INSERT [dbo].[POS_BRANCHCOUNTER] ([COUNTERID], [COUNTERNAME], [BRANCHID], [CREATEDBY], [CREATEDDATE], [UPDATEDBY], [UPDATEDDATE], [DELETEDBY], [DELETEDDATE]) VALUES (115, N'NDV-3', 70, 4, CAST(N'2021-12-13T11:08:38.107' AS DateTime), NULL, NULL, NULL, NULL)
GO
INSERT [dbo].[POS_BRANCHCOUNTER] ([COUNTERID], [COUNTERNAME], [BRANCHID], [CREATEDBY], [CREATEDDATE], [UPDATEDBY], [UPDATEDDATE], [DELETEDBY], [DELETEDDATE]) VALUES (116, N'KDP-3', 71, 4, CAST(N'2021-12-13T11:08:38.107' AS DateTime), NULL, NULL, NULL, NULL)
GO
INSERT [dbo].[POS_BRANCHCOUNTER] ([COUNTERID], [COUNTERNAME], [BRANCHID], [CREATEDBY], [CREATEDDATE], [UPDATEDBY], [UPDATEDDATE], [DELETEDBY], [DELETEDDATE]) VALUES (117, N'JGP-3', 72, 4, CAST(N'2021-12-13T11:08:38.107' AS DateTime), NULL, NULL, NULL, NULL)
GO
INSERT [dbo].[POS_BRANCHCOUNTER] ([COUNTERID], [COUNTERNAME], [BRANCHID], [CREATEDBY], [CREATEDDATE], [UPDATEDBY], [UPDATEDDATE], [DELETEDBY], [DELETEDDATE]) VALUES (118, N'MDP2-3', 73, 4, CAST(N'2021-12-13T11:08:38.107' AS DateTime), NULL, NULL, NULL, NULL)
GO
INSERT [dbo].[POS_BRANCHCOUNTER] ([COUNTERID], [COUNTERNAME], [BRANCHID], [CREATEDBY], [CREATEDDATE], [UPDATEDBY], [UPDATEDDATE], [DELETEDBY], [DELETEDDATE]) VALUES (119, N'RVP2-3', 74, 4, CAST(N'2021-12-13T11:08:38.107' AS DateTime), NULL, NULL, NULL, NULL)
GO
INSERT [dbo].[POS_BRANCHCOUNTER] ([COUNTERID], [COUNTERNAME], [BRANCHID], [CREATEDBY], [CREATEDDATE], [UPDATEDBY], [UPDATEDDATE], [DELETEDBY], [DELETEDDATE]) VALUES (120, N'PLK2-3', 75, 4, CAST(N'2021-12-13T11:08:38.107' AS DateTime), NULL, NULL, NULL, NULL)
GO
INSERT [dbo].[POS_BRANCHCOUNTER] ([COUNTERID], [COUNTERNAME], [BRANCHID], [CREATEDBY], [CREATEDDATE], [UPDATEDBY], [UPDATEDDATE], [DELETEDBY], [DELETEDDATE]) VALUES (121, N'RCP-3', 76, 4, CAST(N'2021-12-13T11:08:38.107' AS DateTime), NULL, NULL, NULL, NULL)
GO
INSERT [dbo].[POS_BRANCHCOUNTER] ([COUNTERID], [COUNTERNAME], [BRANCHID], [CREATEDBY], [CREATEDDATE], [UPDATEDBY], [UPDATEDDATE], [DELETEDBY], [DELETEDDATE]) VALUES (122, N'CKP-3', 77, 4, CAST(N'2021-12-13T11:08:38.107' AS DateTime), NULL, NULL, NULL, NULL)
GO
INSERT [dbo].[POS_BRANCHCOUNTER] ([COUNTERID], [COUNTERNAME], [BRANCHID], [CREATEDBY], [CREATEDDATE], [UPDATEDBY], [UPDATEDDATE], [DELETEDBY], [DELETEDDATE]) VALUES (123, N'DKR-3', 78, 4, CAST(N'2021-12-13T11:08:38.107' AS DateTime), NULL, NULL, NULL, NULL)
GO
INSERT [dbo].[POS_BRANCHCOUNTER] ([COUNTERID], [COUNTERNAME], [BRANCHID], [CREATEDBY], [CREATEDDATE], [UPDATEDBY], [UPDATEDDATE], [DELETEDBY], [DELETEDDATE]) VALUES (124, N'ATT-3', 79, 4, CAST(N'2021-12-13T11:08:38.107' AS DateTime), NULL, NULL, NULL, NULL)
GO
INSERT [dbo].[POS_BRANCHCOUNTER] ([COUNTERID], [COUNTERNAME], [BRANCHID], [CREATEDBY], [CREATEDDATE], [UPDATEDBY], [UPDATEDDATE], [DELETEDBY], [DELETEDDATE]) VALUES (125, N'GKV-3', 80, 4, CAST(N'2021-12-13T11:08:38.107' AS DateTime), NULL, NULL, NULL, NULL)
GO
INSERT [dbo].[POS_BRANCHCOUNTER] ([COUNTERID], [COUNTERNAME], [BRANCHID], [CREATEDBY], [CREATEDDATE], [UPDATEDBY], [UPDATEDDATE], [DELETEDBY], [DELETEDDATE]) VALUES (126, N'VZN1-3', 81, 4, CAST(N'2021-12-13T11:08:38.107' AS DateTime), NULL, NULL, NULL, NULL)
GO
INSERT [dbo].[POS_BRANCHCOUNTER] ([COUNTERID], [COUNTERNAME], [BRANCHID], [CREATEDBY], [CREATEDDATE], [UPDATEDBY], [UPDATEDDATE], [DELETEDBY], [DELETEDDATE]) VALUES (127, N'VZN2-3', 82, 4, CAST(N'2021-12-13T11:08:38.107' AS DateTime), NULL, NULL, NULL, NULL)
GO
INSERT [dbo].[POS_BRANCHCOUNTER] ([COUNTERID], [COUNTERNAME], [BRANCHID], [CREATEDBY], [CREATEDDATE], [UPDATEDBY], [UPDATEDDATE], [DELETEDBY], [DELETEDDATE]) VALUES (128, N'TLP-3', 83, 4, CAST(N'2021-12-13T11:08:38.107' AS DateTime), NULL, NULL, NULL, NULL)
GO
INSERT [dbo].[POS_BRANCHCOUNTER] ([COUNTERID], [COUNTERNAME], [BRANCHID], [CREATEDBY], [CREATEDDATE], [UPDATEDBY], [UPDATEDDATE], [DELETEDBY], [DELETEDDATE]) VALUES (129, N'KKD3-3', 84, 4, CAST(N'2021-12-13T11:08:38.107' AS DateTime), NULL, NULL, NULL, NULL)
GO
INSERT [dbo].[POS_BRANCHCOUNTER] ([COUNTERID], [COUNTERNAME], [BRANCHID], [CREATEDBY], [CREATEDDATE], [UPDATEDBY], [UPDATEDDATE], [DELETEDBY], [DELETEDDATE]) VALUES (130, N'KKD4-3', 85, 4, CAST(N'2021-12-13T11:08:38.107' AS DateTime), NULL, NULL, NULL, NULL)
GO
INSERT [dbo].[POS_BRANCHCOUNTER] ([COUNTERID], [COUNTERNAME], [BRANCHID], [CREATEDBY], [CREATEDDATE], [UPDATEDBY], [UPDATEDDATE], [DELETEDBY], [DELETEDDATE]) VALUES (131, N'JGP-3', 86, 4, CAST(N'2021-12-13T11:08:38.107' AS DateTime), NULL, NULL, NULL, NULL)
GO
INSERT [dbo].[POS_BRANCHCOUNTER] ([COUNTERID], [COUNTERNAME], [BRANCHID], [CREATEDBY], [CREATEDDATE], [UPDATEDBY], [UPDATEDDATE], [DELETEDBY], [DELETEDDATE]) VALUES (132, N'KTN-3', 87, 4, CAST(N'2021-12-13T11:08:38.107' AS DateTime), NULL, NULL, NULL, NULL)
GO
INSERT [dbo].[POS_BRANCHCOUNTER] ([COUNTERID], [COUNTERNAME], [BRANCHID], [CREATEDBY], [CREATEDDATE], [UPDATEDBY], [UPDATEDDATE], [DELETEDBY], [DELETEDDATE]) VALUES (133, N'GMD-3', 88, 4, CAST(N'2021-12-13T11:08:38.107' AS DateTime), NULL, NULL, NULL, NULL)
GO
SET IDENTITY_INSERT [dbo].[POS_DAYSEQUENCE] ON 
GO
INSERT [dbo].[POS_DAYSEQUENCE] ([OPENDATE], [LASTUSEDBILLNUM], [ISCLOSED], [BRANCHCOUNTERID], [LASTBILLID], [DAYSEQUENCEID], [OPENBILLID]) VALUES (CAST(N'2021-12-18T00:00:00.000' AS DateTime), N'20211218000001', NULL, 3, 2, 1, NULL)
GO
SET IDENTITY_INSERT [dbo].[POS_DAYSEQUENCE] OFF
GO
SET IDENTITY_INSERT [dbo].[POS_DENOMINATION] ON 
GO
INSERT [dbo].[POS_DENOMINATION] ([DENOMINATIONID], [DISPLAYVALUE], [MULTIPLIER]) VALUES (1, N'1 Rupee', CAST(1.00 AS Decimal(6, 2)))
GO
INSERT [dbo].[POS_DENOMINATION] ([DENOMINATIONID], [DISPLAYVALUE], [MULTIPLIER]) VALUES (2, N'10 Rupees Coin', CAST(10.00 AS Decimal(6, 2)))
GO
INSERT [dbo].[POS_DENOMINATION] ([DENOMINATIONID], [DISPLAYVALUE], [MULTIPLIER]) VALUES (3, N'10 Rupees Note', CAST(10.00 AS Decimal(6, 2)))
GO
INSERT [dbo].[POS_DENOMINATION] ([DENOMINATIONID], [DISPLAYVALUE], [MULTIPLIER]) VALUES (4, N'100 Rupees', CAST(100.00 AS Decimal(6, 2)))
GO
INSERT [dbo].[POS_DENOMINATION] ([DENOMINATIONID], [DISPLAYVALUE], [MULTIPLIER]) VALUES (5, N'2 Rupees', CAST(2.00 AS Decimal(6, 2)))
GO
INSERT [dbo].[POS_DENOMINATION] ([DENOMINATIONID], [DISPLAYVALUE], [MULTIPLIER]) VALUES (6, N'20 Rupees', CAST(20.00 AS Decimal(6, 2)))
GO
INSERT [dbo].[POS_DENOMINATION] ([DENOMINATIONID], [DISPLAYVALUE], [MULTIPLIER]) VALUES (7, N'200 Rupees', CAST(200.00 AS Decimal(6, 2)))
GO
INSERT [dbo].[POS_DENOMINATION] ([DENOMINATIONID], [DISPLAYVALUE], [MULTIPLIER]) VALUES (8, N'2000 Rupees', CAST(2000.00 AS Decimal(6, 2)))
GO
INSERT [dbo].[POS_DENOMINATION] ([DENOMINATIONID], [DISPLAYVALUE], [MULTIPLIER]) VALUES (9, N'5 Rupees', CAST(5.00 AS Decimal(6, 2)))
GO
INSERT [dbo].[POS_DENOMINATION] ([DENOMINATIONID], [DISPLAYVALUE], [MULTIPLIER]) VALUES (10, N'50 Paise', CAST(0.50 AS Decimal(6, 2)))
GO
INSERT [dbo].[POS_DENOMINATION] ([DENOMINATIONID], [DISPLAYVALUE], [MULTIPLIER]) VALUES (11, N'50 Rupees', CAST(50.00 AS Decimal(6, 2)))
GO
INSERT [dbo].[POS_DENOMINATION] ([DENOMINATIONID], [DISPLAYVALUE], [MULTIPLIER]) VALUES (12, N'500 Rupees', CAST(500.00 AS Decimal(6, 2)))
GO
SET IDENTITY_INSERT [dbo].[POS_DENOMINATION] OFF
GO
INSERT [dbo].[POS_GSTDETAIL] ([GSTID], [GSTCODE], [CGST], [SGST], [IGST], [CESS], [CREATEDBY], [CREATEDDATE], [UPDATEDBY], [UPDATEDATE], [DELETEDBY], [DELETEDDATE]) VALUES (4, N'GST 5 %', CAST(2.50 AS Decimal(5, 2)), CAST(2.50 AS Decimal(5, 2)), CAST(0.00 AS Decimal(5, 2)), CAST(0.00 AS Decimal(5, 2)), 5, CAST(N'2021-11-19T07:50:52.620' AS DateTime), 6, CAST(N'2021-11-22T21:24:12.757' AS DateTime), NULL, NULL)
GO
INSERT [dbo].[POS_GSTDETAIL] ([GSTID], [GSTCODE], [CGST], [SGST], [IGST], [CESS], [CREATEDBY], [CREATEDDATE], [UPDATEDBY], [UPDATEDATE], [DELETEDBY], [DELETEDDATE]) VALUES (5, N'GST 12 %', CAST(6.00 AS Decimal(5, 2)), CAST(6.00 AS Decimal(5, 2)), CAST(0.00 AS Decimal(5, 2)), CAST(0.00 AS Decimal(5, 2)), 5, CAST(N'2021-11-19T07:55:32.783' AS DateTime), 6, CAST(N'2021-11-22T21:24:21.860' AS DateTime), NULL, NULL)
GO
INSERT [dbo].[POS_GSTDETAIL] ([GSTID], [GSTCODE], [CGST], [SGST], [IGST], [CESS], [CREATEDBY], [CREATEDDATE], [UPDATEDBY], [UPDATEDATE], [DELETEDBY], [DELETEDDATE]) VALUES (6, N'GST 0 %', CAST(0.00 AS Decimal(5, 2)), CAST(0.00 AS Decimal(5, 2)), CAST(0.00 AS Decimal(5, 2)), CAST(0.00 AS Decimal(5, 2)), 6, CAST(N'2021-11-22T21:18:48.987' AS DateTime), 6, CAST(N'2021-11-22T21:19:36.137' AS DateTime), NULL, NULL)
GO
INSERT [dbo].[POS_GSTDETAIL] ([GSTID], [GSTCODE], [CGST], [SGST], [IGST], [CESS], [CREATEDBY], [CREATEDDATE], [UPDATEDBY], [UPDATEDATE], [DELETEDBY], [DELETEDDATE]) VALUES (7, N'GST 3 %', CAST(1.50 AS Decimal(5, 2)), CAST(1.50 AS Decimal(5, 2)), CAST(0.00 AS Decimal(5, 2)), CAST(0.00 AS Decimal(5, 2)), 6, CAST(N'2021-11-22T21:19:18.403' AS DateTime), NULL, NULL, NULL, NULL)
GO
INSERT [dbo].[POS_GSTDETAIL] ([GSTID], [GSTCODE], [CGST], [SGST], [IGST], [CESS], [CREATEDBY], [CREATEDDATE], [UPDATEDBY], [UPDATEDATE], [DELETEDBY], [DELETEDDATE]) VALUES (8, N'GST 18 %', CAST(9.00 AS Decimal(5, 2)), CAST(9.00 AS Decimal(5, 2)), CAST(0.00 AS Decimal(5, 2)), CAST(0.00 AS Decimal(5, 2)), 6, CAST(N'2021-11-22T21:20:05.153' AS DateTime), NULL, NULL, NULL, NULL)
GO
INSERT [dbo].[POS_GSTDETAIL] ([GSTID], [GSTCODE], [CGST], [SGST], [IGST], [CESS], [CREATEDBY], [CREATEDDATE], [UPDATEDBY], [UPDATEDATE], [DELETEDBY], [DELETEDDATE]) VALUES (9, N'GST 28 %', CAST(14.00 AS Decimal(5, 2)), CAST(14.00 AS Decimal(5, 2)), CAST(0.00 AS Decimal(5, 2)), CAST(0.00 AS Decimal(5, 2)), 6, CAST(N'2021-11-22T21:20:18.330' AS DateTime), NULL, NULL, NULL, NULL)
GO
INSERT [dbo].[POS_GSTDETAIL] ([GSTID], [GSTCODE], [CGST], [SGST], [IGST], [CESS], [CREATEDBY], [CREATEDDATE], [UPDATEDBY], [UPDATEDATE], [DELETEDBY], [DELETEDDATE]) VALUES (10, N'GST 28 + 5C %', CAST(14.00 AS Decimal(5, 2)), CAST(14.00 AS Decimal(5, 2)), CAST(0.00 AS Decimal(5, 2)), CAST(5.00 AS Decimal(5, 2)), 6, CAST(N'2021-11-22T21:22:54.233' AS DateTime), NULL, NULL, NULL, NULL)
GO
INSERT [dbo].[POS_GSTDETAIL] ([GSTID], [GSTCODE], [CGST], [SGST], [IGST], [CESS], [CREATEDBY], [CREATEDDATE], [UPDATEDBY], [UPDATEDATE], [DELETEDBY], [DELETEDDATE]) VALUES (11, N'GST 28 + 12C %', CAST(14.00 AS Decimal(5, 2)), CAST(14.00 AS Decimal(5, 2)), CAST(0.00 AS Decimal(5, 2)), CAST(12.00 AS Decimal(5, 2)), 6, CAST(N'2021-11-22T21:23:24.010' AS DateTime), NULL, NULL, NULL, NULL)
GO
INSERT [dbo].[POS_GSTDETAIL] ([GSTID], [GSTCODE], [CGST], [SGST], [IGST], [CESS], [CREATEDBY], [CREATEDDATE], [UPDATEDBY], [UPDATEDATE], [DELETEDBY], [DELETEDDATE]) VALUES (12, N'GST 28 + 36C %', CAST(14.00 AS Decimal(5, 2)), CAST(14.00 AS Decimal(5, 2)), CAST(0.00 AS Decimal(5, 2)), CAST(36.00 AS Decimal(5, 2)), 6, CAST(N'2021-11-23T00:39:49.877' AS DateTime), NULL, NULL, NULL, NULL)
GO
INSERT [dbo].[POS_GSTDETAIL] ([GSTID], [GSTCODE], [CGST], [SGST], [IGST], [CESS], [CREATEDBY], [CREATEDDATE], [UPDATEDBY], [UPDATEDATE], [DELETEDBY], [DELETEDDATE]) VALUES (13, N'I GST 5 %', CAST(0.00 AS Decimal(5, 2)), CAST(0.00 AS Decimal(5, 2)), CAST(5.00 AS Decimal(5, 2)), CAST(0.00 AS Decimal(5, 2)), 6, CAST(N'2021-12-13T15:36:40.690' AS DateTime), 6, CAST(N'2021-12-13T15:37:01.453' AS DateTime), NULL, NULL)
GO

INSERT INTO POS_ITEM(ITEMID
, SKUCODE
, ITEMNAME
, DESCRIPTION
, CREATEDBY
, CREATEDDATE
, UPDATEDBY
, UPDATEDATE
, DELETEDBY
, DELETEDDATE
, CATEGORYID
, SUBCATEGORYID
, ISOPENITEM
, PARENTITEMID
, UOMID)
SELECT * FROM ITEM

INSERT INTO POS_ITEMCODE(ITEMCODEID
, ITEMID
, ITEMCODE
, ISEAN
, HSNCODE
, CREATEDBY
, CREATEDDATE
, UPDATEDBY
, UPDATEDATE
, DELETEDBY
, DELETEDDATE
, FREEITEMCODEID)
SELECT * FROM ITEMCODE

INSERT INTO POS_ITEMPRICE(ITEMPRICEID
, ITEMCODEID
, SALEPRICE
, MRP
, GSTID
, CREATEDBY
, CREATEDDATE
, UPDATEDBY
, UPDATEDATE
, DELETEDBY
, DELETEDDATE)
SELECT * FROM ITEMPRICE


INSERT [dbo].[POS_TBLMOP] ([MOPID], [MOPNAME], [CREATEDBY], [CREATEDDATE], [UPDATEDBY], [UPDATEDDATE], [DELETEDBY], [DELETEDDATE]) VALUES (1, N'CASH', 5, CAST(N'2021-11-19T02:39:12.247' AS DateTime), NULL, NULL, NULL, NULL)
GO
INSERT [dbo].[POS_TBLMOP] ([MOPID], [MOPNAME], [CREATEDBY], [CREATEDDATE], [UPDATEDBY], [UPDATEDDATE], [DELETEDBY], [DELETEDDATE]) VALUES (2, N'CARD', 5, CAST(N'2021-11-19T02:39:19.097' AS DateTime), NULL, NULL, NULL, NULL)
GO
INSERT [dbo].[POS_TBLROLE] ([ROLEID], [ROLENAME], [CREATEDBY], [CREATEDDATE], [UPDATEDBY], [UPDATEDDATE], [DELETEDBY], [DELETEDDATE]) VALUES (1, N'Admin', NULL, NULL, NULL, NULL, NULL, NULL)
GO
INSERT [dbo].[POS_TBLROLE] ([ROLEID], [ROLENAME], [CREATEDBY], [CREATEDDATE], [UPDATEDBY], [UPDATEDDATE], [DELETEDBY], [DELETEDDATE]) VALUES (2, N'IT Manager', NULL, NULL, NULL, NULL, NULL, NULL)
GO
INSERT [dbo].[POS_TBLROLE] ([ROLEID], [ROLENAME], [CREATEDBY], [CREATEDDATE], [UPDATEDBY], [UPDATEDDATE], [DELETEDBY], [DELETEDDATE]) VALUES (3, N'Super Visor', NULL, NULL, NULL, NULL, NULL, NULL)
GO
INSERT [dbo].[POS_TBLROLE] ([ROLEID], [ROLENAME], [CREATEDBY], [CREATEDDATE], [UPDATEDBY], [UPDATEDDATE], [DELETEDBY], [DELETEDDATE]) VALUES (4, N'Cashier', NULL, NULL, NULL, NULL, NULL, NULL)
GO
INSERT [dbo].[POS_TBLROLE] ([ROLEID], [ROLENAME], [CREATEDBY], [CREATEDDATE], [UPDATEDBY], [UPDATEDDATE], [DELETEDBY], [DELETEDDATE]) VALUES (5, N'Employee', NULL, NULL, NULL, NULL, NULL, NULL)
GO
INSERT [dbo].[POS_TBLUSER] ([USERID], [ROLEID], [REPORTINGLEADID], [CATEGORYID], [BRANCHID], [USERNAME], [PASSWORDSTRING], [FULLNAME], [CNUMBER], [EMAIL], [ISOTP], [GENDER], [DOB], [CREATEDBY], [CREATEDDATE], [UPDATEDBY], [UPDATEDDATE], [DELETEDBY], [DELETEDDATE]) VALUES (4, 1, 4, 1, 45, N'admin', N'U9PmUUOvy1yd/oe+ivo7aA==', N'Administra', N'7729090986', N'narenreddy@victory.com', 0, 0, NULL, 4, NULL, 6, CAST(N'2021-11-21T09:02:34.540' AS DateTime), NULL, NULL)
GO
INSERT [dbo].[POS_TBLUSER] ([USERID], [ROLEID], [REPORTINGLEADID], [CATEGORYID], [BRANCHID], [USERNAME], [PASSWORDSTRING], [FULLNAME], [CNUMBER], [EMAIL], [ISOTP], [GENDER], [DOB], [CREATEDBY], [CREATEDDATE], [UPDATEDBY], [UPDATEDDATE], [DELETEDBY], [DELETEDDATE]) VALUES (5, 1, 4, 1, 45, N'NAREN', N'U9PmUUOvy1yd/oe+ivo7aA==', N'NARENDAR R', N'1234567890', N'NAREN@VICTORY.COM', 0, 0, NULL, 4, CAST(N'2021-11-18T04:28:56.293' AS DateTime), 4, CAST(N'2021-11-18T04:54:36.923' AS DateTime), NULL, NULL)
GO
INSERT [dbo].[POS_TBLUSER] ([USERID], [ROLEID], [REPORTINGLEADID], [CATEGORYID], [BRANCHID], [USERNAME], [PASSWORDSTRING], [FULLNAME], [CNUMBER], [EMAIL], [ISOTP], [GENDER], [DOB], [CREATEDBY], [CREATEDDATE], [UPDATEDBY], [UPDATEDDATE], [DELETEDBY], [DELETEDDATE]) VALUES (6, 1, 4, 10, 45, N'SAI', N'cs7vA0V3x58nNeB1msquOA==', N'SAINATH', N'1234567890', N'SAI@VICTORY.COM', 0, 0, NULL, 4, CAST(N'2021-11-18T04:31:57.837' AS DateTime), 7, CAST(N'2021-11-28T11:10:24.863' AS DateTime), NULL, NULL)
GO
INSERT [dbo].[POS_TBLUSER] ([USERID], [ROLEID], [REPORTINGLEADID], [CATEGORYID], [BRANCHID], [USERNAME], [PASSWORDSTRING], [FULLNAME], [CNUMBER], [EMAIL], [ISOTP], [GENDER], [DOB], [CREATEDBY], [CREATEDDATE], [UPDATEDBY], [UPDATEDDATE], [DELETEDBY], [DELETEDDATE]) VALUES (7, 1, 4, 3, 45, N'KIRANA', N'U9PmUUOvy1yd/oe+ivo7aA==', N'KIRANA SEC', N'1234567890', N'KJFDKLSAL;FDKS;AL', 0, 0, NULL, 5, CAST(N'2021-11-28T08:06:14.673' AS DateTime), 7, CAST(N'2021-11-28T08:07:36.393' AS DateTime), NULL, NULL)
GO
INSERT [dbo].[POS_TBLUSER] ([USERID], [ROLEID], [REPORTINGLEADID], [CATEGORYID], [BRANCHID], [USERNAME], [PASSWORDSTRING], [FULLNAME], [CNUMBER], [EMAIL], [ISOTP], [GENDER], [DOB], [CREATEDBY], [CREATEDDATE], [UPDATEDBY], [UPDATEDDATE], [DELETEDBY], [DELETEDDATE]) VALUES (8, 2, 4, 1, 45, N'ravikrishna', N'cs7vA0V3x58nNeB1msquOA==', N'RAVI KRISH', N'9866046646', N'rao.katnam@gmail.com', 1, 0, NULL, 5, CAST(N'2021-12-13T17:44:14.110' AS DateTime), NULL, NULL, NULL, NULL)
GO
INSERT [dbo].[POS_TBLUSER] ([USERID], [ROLEID], [REPORTINGLEADID], [CATEGORYID], [BRANCHID], [USERNAME], [PASSWORDSTRING], [FULLNAME], [CNUMBER], [EMAIL], [ISOTP], [GENDER], [DOB], [CREATEDBY], [CREATEDDATE], [UPDATEDBY], [UPDATEDDATE], [DELETEDBY], [DELETEDDATE]) VALUES (9, 2, 4, 1, 45, N'sreenivas', N'cs7vA0V3x58nNeB1msquOA==', N'SREENIVAS', N'1234567890', N'SREENIVAS@VICTORY.COM', 1, 0, NULL, 5, CAST(N'2021-12-13T17:45:14.107' AS DateTime), NULL, NULL, NULL, NULL)
GO
INSERT [dbo].[POS_UOM] ([UOMID], [DISPLAYVALUE], [BASEUOMID], [MULTIPLIER], [CREATEDBY], [CREATEDDATE], [UPDATEDBY], [UPDATEDDATE], [DELETEDBY], [DELETEDDATE]) VALUES (1, N'1 Kg', NULL, CAST(1.00 AS Decimal(5, 2)), 5, CAST(N'2021-11-19T03:52:48.930' AS DateTime), NULL, NULL, NULL, NULL)
GO
INSERT [dbo].[POS_UOM] ([UOMID], [DISPLAYVALUE], [BASEUOMID], [MULTIPLIER], [CREATEDBY], [CREATEDDATE], [UPDATEDBY], [UPDATEDDATE], [DELETEDBY], [DELETEDDATE]) VALUES (2, N'500 gms', 1, CAST(0.50 AS Decimal(5, 2)), 5, CAST(N'2021-11-19T03:52:48.930' AS DateTime), NULL, NULL, NULL, NULL)
GO
INSERT [dbo].[POS_UOM] ([UOMID], [DISPLAYVALUE], [BASEUOMID], [MULTIPLIER], [CREATEDBY], [CREATEDDATE], [UPDATEDBY], [UPDATEDDATE], [DELETEDBY], [DELETEDDATE]) VALUES (3, N'250 gms', 1, CAST(0.25 AS Decimal(5, 2)), 5, CAST(N'2021-11-19T03:52:48.930' AS DateTime), NULL, NULL, NULL, NULL)
GO
INSERT [dbo].[POS_UOM] ([UOMID], [DISPLAYVALUE], [BASEUOMID], [MULTIPLIER], [CREATEDBY], [CREATEDDATE], [UPDATEDBY], [UPDATEDDATE], [DELETEDBY], [DELETEDDATE]) VALUES (4, N'200 gms', 1, CAST(0.20 AS Decimal(5, 2)), 5, CAST(N'2021-11-19T03:52:48.930' AS DateTime), NULL, NULL, NULL, NULL)
GO
INSERT [dbo].[POS_UOM] ([UOMID], [DISPLAYVALUE], [BASEUOMID], [MULTIPLIER], [CREATEDBY], [CREATEDDATE], [UPDATEDBY], [UPDATEDDATE], [DELETEDBY], [DELETEDDATE]) VALUES (5, N'25 Kg Bag', 1, CAST(25.00 AS Decimal(5, 2)), 5, CAST(N'2021-11-19T03:52:48.930' AS DateTime), NULL, NULL, NULL, NULL)
GO
INSERT [dbo].[POS_UOM] ([UOMID], [DISPLAYVALUE], [BASEUOMID], [MULTIPLIER], [CREATEDBY], [CREATEDDATE], [UPDATEDBY], [UPDATEDDATE], [DELETEDBY], [DELETEDDATE]) VALUES (6, N'50 Kg Bag', 1, CAST(50.00 AS Decimal(5, 2)), 5, CAST(N'2021-11-19T03:52:48.930' AS DateTime), NULL, NULL, NULL, NULL)
GO
INSERT [dbo].[POS_UOM] ([UOMID], [DISPLAYVALUE], [BASEUOMID], [MULTIPLIER], [CREATEDBY], [CREATEDDATE], [UPDATEDBY], [UPDATEDDATE], [DELETEDBY], [DELETEDDATE]) VALUES (7, N'100 Kg Bag', 1, CAST(100.00 AS Decimal(5, 2)), 5, CAST(N'2021-11-19T03:52:48.930' AS DateTime), NULL, NULL, NULL, NULL)
GO
INSERT [dbo].[POS_UOM] ([UOMID], [DISPLAYVALUE], [BASEUOMID], [MULTIPLIER], [CREATEDBY], [CREATEDDATE], [UPDATEDBY], [UPDATEDDATE], [DELETEDBY], [DELETEDDATE]) VALUES (15, N'100 gms', 1, CAST(0.10 AS Decimal(5, 2)), 7, CAST(N'2021-11-28T12:01:27.723' AS DateTime), 5, CAST(N'2021-11-28T23:35:39.807' AS DateTime), NULL, NULL)
GO
INSERT [dbo].[POS_UOM] ([UOMID], [DISPLAYVALUE], [BASEUOMID], [MULTIPLIER], [CREATEDBY], [CREATEDDATE], [UPDATEDBY], [UPDATEDDATE], [DELETEDBY], [DELETEDDATE]) VALUES (16, N'50 gms', 1, CAST(0.05 AS Decimal(5, 2)), 7, CAST(N'2021-11-28T12:03:41.290' AS DateTime), 5, CAST(N'2021-11-28T23:35:53.697' AS DateTime), NULL, NULL)
GO
INSERT [dbo].[POS_UOM] ([UOMID], [DISPLAYVALUE], [BASEUOMID], [MULTIPLIER], [CREATEDBY], [CREATEDDATE], [UPDATEDBY], [UPDATEDDATE], [DELETEDBY], [DELETEDDATE]) VALUES (17, N'20 gms', 1, CAST(0.02 AS Decimal(5, 2)), 7, CAST(N'2021-11-28T12:03:54.070' AS DateTime), 5, CAST(N'2021-11-28T23:36:00.930' AS DateTime), NULL, NULL)
GO
INSERT [dbo].[POS_UOM] ([UOMID], [DISPLAYVALUE], [BASEUOMID], [MULTIPLIER], [CREATEDBY], [CREATEDDATE], [UPDATEDBY], [UPDATEDDATE], [DELETEDBY], [DELETEDDATE]) VALUES (18, N'10 gms', 1, CAST(0.01 AS Decimal(5, 2)), 7, CAST(N'2021-11-28T12:04:06.010' AS DateTime), 5, CAST(N'2021-11-28T23:36:15.400' AS DateTime), NULL, NULL)
GO
ALTER TABLE [dbo].[POS_ITEM] ADD  DEFAULT ((0)) FOR [ISOPENITEM]
GO
ALTER TABLE [dbo].[POS_BILL]  WITH CHECK ADD FOREIGN KEY([CREATEDBY])
REFERENCES [dbo].[POS_TBLUSER] ([USERID])
GO
ALTER TABLE [dbo].[POS_BILL]  WITH CHECK ADD FOREIGN KEY([DELETEDBY])
REFERENCES [dbo].[POS_TBLUSER] ([USERID])
GO
ALTER TABLE [dbo].[POS_BILL]  WITH CHECK ADD FOREIGN KEY([UPDATEDBY])
REFERENCES [dbo].[POS_TBLUSER] ([USERID])
GO
ALTER TABLE [dbo].[POS_BILLDETAIL]  WITH CHECK ADD FOREIGN KEY([BILLID])
REFERENCES [dbo].[POS_BILL] ([BILLID])
GO
ALTER TABLE [dbo].[POS_BILLDETAIL]  WITH CHECK ADD FOREIGN KEY([CREATEDBY])
REFERENCES [dbo].[POS_TBLUSER] ([USERID])
GO
ALTER TABLE [dbo].[POS_BILLDETAIL]  WITH CHECK ADD FOREIGN KEY([DELETEDBY])
REFERENCES [dbo].[POS_TBLUSER] ([USERID])
GO
ALTER TABLE [dbo].[POS_BILLDETAIL]  WITH CHECK ADD FOREIGN KEY([GSTID])
REFERENCES [dbo].[POS_GSTDETAIL] ([GSTID])
GO
ALTER TABLE [dbo].[POS_BILLDETAIL]  WITH CHECK ADD FOREIGN KEY([UPDATEDBY])
REFERENCES [dbo].[POS_TBLUSER] ([USERID])
GO
ALTER TABLE [dbo].[POS_BILLMOPDETAIL]  WITH CHECK ADD FOREIGN KEY([BILLID])
REFERENCES [dbo].[POS_BILL] ([BILLID])
GO
ALTER TABLE [dbo].[POS_BILLMOPDETAIL]  WITH CHECK ADD FOREIGN KEY([MOPID])
REFERENCES [dbo].[POS_TBLMOP] ([MOPID])
GO
ALTER TABLE [dbo].[POS_BRANCH]  WITH CHECK ADD FOREIGN KEY([CREATEDBY])
REFERENCES [dbo].[POS_TBLUSER] ([USERID])
GO
ALTER TABLE [dbo].[POS_BRANCH]  WITH CHECK ADD FOREIGN KEY([DELETEDBY])
REFERENCES [dbo].[POS_TBLUSER] ([USERID])
GO
ALTER TABLE [dbo].[POS_BRANCH]  WITH CHECK ADD FOREIGN KEY([UPDATEDBY])
REFERENCES [dbo].[POS_TBLUSER] ([USERID])
GO
ALTER TABLE [dbo].[POS_DAYCLOSURE]  WITH CHECK ADD FOREIGN KEY([BRANCHCOUNTERID])
REFERENCES [dbo].[POS_BRANCHCOUNTER] ([COUNTERID])
GO
ALTER TABLE [dbo].[POS_DAYCLOSURE]  WITH CHECK ADD FOREIGN KEY([CLOSEDBY])
REFERENCES [dbo].[POS_TBLUSER] ([USERID])
GO
ALTER TABLE [dbo].[POS_DAYCLOSUREDETAIL]  WITH CHECK ADD FOREIGN KEY([DAYCLOSUREID])
REFERENCES [dbo].[POS_DAYCLOSURE] ([DAYCLOSUREID])
GO
ALTER TABLE [dbo].[POS_DAYSEQUENCE]  WITH CHECK ADD FOREIGN KEY([BRANCHCOUNTERID])
REFERENCES [dbo].[POS_BRANCHCOUNTER] ([COUNTERID])
GO
ALTER TABLE [dbo].[POS_DAYSEQUENCE]  WITH CHECK ADD FOREIGN KEY([LASTBILLID])
REFERENCES [dbo].[POS_BILL] ([BILLID])
GO
ALTER TABLE [dbo].[POS_DAYSEQUENCE]  WITH CHECK ADD FOREIGN KEY([OPENBILLID])
REFERENCES [dbo].[POS_BILL] ([BILLID])
GO
ALTER TABLE [dbo].[POS_GSTDETAIL]  WITH CHECK ADD FOREIGN KEY([CREATEDBY])
REFERENCES [dbo].[POS_TBLUSER] ([USERID])
GO
ALTER TABLE [dbo].[POS_GSTDETAIL]  WITH CHECK ADD FOREIGN KEY([CREATEDBY])
REFERENCES [dbo].[POS_TBLUSER] ([USERID])
GO
ALTER TABLE [dbo].[POS_GSTDETAIL]  WITH CHECK ADD FOREIGN KEY([DELETEDBY])
REFERENCES [dbo].[POS_TBLUSER] ([USERID])
GO
ALTER TABLE [dbo].[POS_GSTDETAIL]  WITH CHECK ADD FOREIGN KEY([DELETEDBY])
REFERENCES [dbo].[POS_TBLUSER] ([USERID])
GO
ALTER TABLE [dbo].[POS_GSTDETAIL]  WITH CHECK ADD FOREIGN KEY([UPDATEDBY])
REFERENCES [dbo].[POS_TBLUSER] ([USERID])
GO
ALTER TABLE [dbo].[POS_GSTDETAIL]  WITH CHECK ADD FOREIGN KEY([UPDATEDBY])
REFERENCES [dbo].[POS_TBLUSER] ([USERID])
GO
ALTER TABLE [dbo].[POS_ITEM]  WITH CHECK ADD FOREIGN KEY([CREATEDBY])
REFERENCES [dbo].[POS_TBLUSER] ([USERID])
GO
ALTER TABLE [dbo].[POS_ITEM]  WITH CHECK ADD FOREIGN KEY([DELETEDBY])
REFERENCES [dbo].[POS_TBLUSER] ([USERID])
GO
ALTER TABLE [dbo].[POS_ITEM]  WITH CHECK ADD FOREIGN KEY([PARENTITEMID])
REFERENCES [dbo].[POS_ITEM] ([ITEMID])
GO
ALTER TABLE [dbo].[POS_ITEM]  WITH CHECK ADD FOREIGN KEY([UOMID])
REFERENCES [dbo].[POS_UOM] ([UOMID])
GO
ALTER TABLE [dbo].[POS_ITEM]  WITH CHECK ADD FOREIGN KEY([UPDATEDBY])
REFERENCES [dbo].[POS_TBLUSER] ([USERID])
GO
ALTER TABLE [dbo].[POS_ITEMCODE]  WITH CHECK ADD FOREIGN KEY([CREATEDBY])
REFERENCES [dbo].[POS_TBLUSER] ([USERID])
GO
ALTER TABLE [dbo].[POS_ITEMCODE]  WITH CHECK ADD FOREIGN KEY([DELETEDBY])
REFERENCES [dbo].[POS_TBLUSER] ([USERID])
GO
ALTER TABLE [dbo].[POS_ITEMCODE]  WITH CHECK ADD FOREIGN KEY([FREEITEMCODEID])
REFERENCES [dbo].[POS_ITEMCODE] ([ITEMCODEID])
GO
ALTER TABLE [dbo].[POS_ITEMCODE]  WITH CHECK ADD FOREIGN KEY([ITEMID])
REFERENCES [dbo].[POS_ITEM] ([ITEMID])
GO
ALTER TABLE [dbo].[POS_ITEMCODE]  WITH CHECK ADD FOREIGN KEY([UPDATEDBY])
REFERENCES [dbo].[POS_TBLUSER] ([USERID])
GO
ALTER TABLE [dbo].[POS_ITEMPRICE]  WITH CHECK ADD FOREIGN KEY([CREATEDBY])
REFERENCES [dbo].[POS_TBLUSER] ([USERID])
GO
ALTER TABLE [dbo].[POS_ITEMPRICE]  WITH CHECK ADD FOREIGN KEY([DELETEDBY])
REFERENCES [dbo].[POS_TBLUSER] ([USERID])
GO
ALTER TABLE [dbo].[POS_ITEMPRICE]  WITH CHECK ADD FOREIGN KEY([GSTID])
REFERENCES [dbo].[POS_GSTDETAIL] ([GSTID])
GO
ALTER TABLE [dbo].[POS_ITEMPRICE]  WITH CHECK ADD FOREIGN KEY([ITEMCODEID])
REFERENCES [dbo].[POS_ITEMCODE] ([ITEMCODEID])
GO
ALTER TABLE [dbo].[POS_ITEMPRICE]  WITH CHECK ADD FOREIGN KEY([UPDATEDBY])
REFERENCES [dbo].[POS_TBLUSER] ([USERID])
GO
ALTER TABLE [dbo].[POS_REFUND]  WITH CHECK ADD FOREIGN KEY([BILLDETAILID])
REFERENCES [dbo].[POS_BILLDETAIL] ([BILLDETAILID])
GO
ALTER TABLE [dbo].[POS_REFUND]  WITH CHECK ADD FOREIGN KEY([CREATEDBY])
REFERENCES [dbo].[POS_TBLUSER] ([USERID])
GO
ALTER TABLE [dbo].[POS_REFUND]  WITH CHECK ADD FOREIGN KEY([DELETEDBY])
REFERENCES [dbo].[POS_TBLUSER] ([USERID])
GO
ALTER TABLE [dbo].[POS_REFUND]  WITH CHECK ADD FOREIGN KEY([UPDATEDBY])
REFERENCES [dbo].[POS_TBLUSER] ([USERID])
GO
ALTER TABLE [dbo].[POS_TBLUSER]  WITH CHECK ADD FOREIGN KEY([REPORTINGLEADID])
REFERENCES [dbo].[POS_TBLUSER] ([USERID])
GO
ALTER TABLE [dbo].[POS_TBLUSER]  WITH CHECK ADD FOREIGN KEY([ROLEID])
REFERENCES [dbo].[POS_TBLROLE] ([ROLEID])
GO
ALTER TABLE [dbo].[POS_UOM]  WITH CHECK ADD FOREIGN KEY([BASEUOMID])
REFERENCES [dbo].[POS_UOM] ([UOMID])
GO
ALTER TABLE [dbo].[POS_UOM]  WITH CHECK ADD FOREIGN KEY([BASEUOMID])
REFERENCES [dbo].[POS_UOM] ([UOMID])
GO
ALTER TABLE [dbo].[POS_UOM]  WITH CHECK ADD FOREIGN KEY([BASEUOMID])
REFERENCES [dbo].[POS_UOM] ([UOMID])
GO
/****** Object:  StoredProcedure [dbo].[POS_USP_CU_BILLDETAIL]    Script Date: 12/22/2021 4:48:51 PM ******/
SET ANSI_NULLS ON
GO
SET QUOTED_IDENTIFIER ON
GO
CREATE PROCEDURE [dbo].[POS_USP_CU_BILLDETAIL]
	@BillDetailID int = 0,
	@BillID int
	, @ItemPriceID INT
	, @SNo INT
	, @Quantity INT
	, @WeightInKgs DECIMAL(7, 2)
	, @BilledAmount DECIMAL(10, 2)
	, @GSTID INT
	, @CGST DECIMAL(10, 2)
	, @SGST DECIMAL(10, 2)
	, @IGST DECIMAL(10, 2)
	, @Cess DECIMAL(10, 2)
	, @GSTVALUE DECIMAL(10, 2)
	, @UserID INT
AS
BEGIN

	IF @BillDetailID <= 0
	BEGIN
		INSERT INTO POS_BILLDETAIL(BILLID, ITEMPRICEID, SNO, QUANTITY, WEIGHTINKGS, BILLEDAMOUNT, CGST, SGST, IGST, CESS, GSTVALUE, GSTID, CREATEDBY, CREATEDDATE)
		SELECT @BillID, @ItemPriceID, @SNo, @Quantity, @WeightInKgs, @BilledAmount, @CGST, @SGST, @IGST, @Cess, @GSTVALUE, @GSTID, @UserID, GETDATE()

		SET @BillDetailID = SCOPE_IDENTITY()
	END
	ELSE
	BEGIN
		UPDATE POS_BILLDETAIL
		SET
			QUANTITY = @Quantity
			, WEIGHTINKGS = @WeightInKgs
			, BILLEDAMOUNT = @BilledAmount
			, CGST = @CGST
			, SGST = @SGST
			, IGST = @IGST
			, CESS = @Cess
			, GSTVALUE = @GSTVALUE
			, GSTID = @GSTID
			, UPDATEDBY = @UserID
			, UPDATEDDATE = GETDATE()
			, SNO = @SNo
		WHERE BILLDETAILID = @BillDetailID
	END

	SELECT @BillDetailID
END
GO
/****** Object:  StoredProcedure [dbo].[POS_USP_D_BILLDETAIL]    Script Date: 12/22/2021 4:48:51 PM ******/
SET ANSI_NULLS ON
GO
SET QUOTED_IDENTIFIER ON
GO
CREATE PROCEDURE [dbo].[POS_USP_D_BILLDETAIL]
	@BillDetailID int
	, @UserID int
AS
BEGIN
	UPDATE POS_BILLDETAIL
	SET DELETEDBY = @UserID, DELETEDDATE = GETDATE()
	WHERE BILLDETAILID = @BillDetailID
END
GO
/****** Object:  StoredProcedure [dbo].[POS_USP_DRAFT_BILL]    Script Date: 12/22/2021 4:48:51 PM ******/
SET ANSI_NULLS ON
GO
SET QUOTED_IDENTIFIER ON
GO
CREATE PROCEDURE [dbo].[POS_USP_DRAFT_BILL]
	@BillID INT
	, @UserID INT
	, @DaySequenceID INT
AS
BEGIN
	UPDATE POS_BILL
	SET 
		BILLSTATUS = 2
		, UPDATEDBY = @UserID
		, UPDATEDDATE = GETDATE()
	WHERE BILLID = @BillID 
	
	EXEC POS_USP_R_GETNEXTBILL @UserID, @DaySequenceID
END
GO
/****** Object:  StoredProcedure [dbo].[POS_USP_FINISH_BILL]    Script Date: 12/22/2021 4:48:51 PM ******/
SET ANSI_NULLS ON
GO
SET QUOTED_IDENTIFIER ON
GO
CREATE PROCEDURE [dbo].[POS_USP_FINISH_BILL]
	@BillID INT
	, @UserID INT
	, @DaySequenceID INT
	, @CustomerNumber VARCHAR(10)
	, @CustomerName VARCHAR(100)
	, @MopValues  POS_BILLMOPVALUES READONLY
AS
BEGIN

	INSERT INTO POS_BILLMOPDETAIL(BILLID, MOPID, MOPVALUE)
	SELECT @BillID, MOPID, MOPVALUE
	FROM @MopValues
	WHERE MOPVALUE > 0

	DECLARE @IsDraftBill INT
	SELECT @IsDraftBill = ISNULL(BILLSTATUS, 0) FROM POS_BILL WHERE BILLID = @BillID

	UPDATE POS_BILL
	SET 
		BILLSTATUS = 1
		, CUSTOMERNAME = @CustomerName
		, CUSTOMERNUMBER = @CustomerNumber
		, UPDATEDBY = @UserID
		, UPDATEDDATE = GETDATE()
	WHERE BILLID = @BillID 
	
	UPDATE POS_DAYSEQUENCE
	SET LASTBILLID = @BillID, OPENBILLID = CASE @IsDraftBill WHEN 0 THEN NULL ELSE OPENBILLID END
	WHERE DAYSEQUENCEID = @DaySequenceID

	EXEC POS_USP_R_GETNEXTBILL @UserID, @DaySequenceID
END
GO
/****** Object:  StoredProcedure [dbo].[POS_USP_R_BILL]     Script Date: 12/22/2021 4:48:51 PM ******/
SET ANSI_NULLS ON
GO
SET QUOTED_IDENTIFIER ON
GO
CREATE PROCEDURE [dbo].[POS_USP_R_BILL] 
	@BillID INT, @DaySequencID INT
AS
BEGIN

	DECLARE @LastBillID INT
	SELECT @LastBillID = LASTBILLID FROM POS_DAYSEQUENCE WHERE DAYSEQUENCEID = @DaySequencID

	DECLARE @LastBilledAmount DECIMAL(11, 2)
	DECLARE @LastBilledQuantity INT

	SELECT @LastBilledAmount = SUM(BD.BILLEDAMOUNT), @LastBilledQuantity = SUM(BD.QUANTITY) FROM POS_BILLDETAIL BD WHERE BD.BILLID = @LastBillID AND BD.DELETEDBY IS NULL

	SELECT 
		B.BILLID, B.BILLNUMBER, B.BILLSTATUS, @LastBilledAmount AS LASTBILLEDAMOUNT, @LastBilledQuantity AS LASTBILLEDQUANTITY
	FROM 
		POS_BILL B
		LEFT JOIN POS_BILL LASTBILL ON LASTBILL.BILLID = @LastBillID	
	WHERE B.BILLID = @BillID

	SELECT
		BD.BILLDETAILID, B.BILLID, IP.ITEMPRICEID, BD.SNO, I.ITEMNAME, IC.ITEMCODE, IP.MRP
		, IP.SALEPRICE, GST.GSTCODE, BD.QUANTITY, BD.WEIGHTINKGS, BD.BILLEDAMOUNT, 
		BD.CGST, BD.SGST, BD.IGST, BD.CESS, BD.GSTVALUE, BD.GSTID
	FROM
		POS_BILLDETAIL BD
		INNER JOIN POS_BILL B ON B.BILLID = BD.BILLID
		INNER JOIN POS_ITEMPRICE IP ON IP.ITEMPRICEID = BD.ITEMPRICEID
		INNER JOIN POS_ITEMCODE IC ON IC.ITEMCODEID = IP.ITEMCODEID
		INNER JOIN POS_ITEM I ON I.ITEMID = IC.ITEMID
		INNER JOIN POS_GSTDETAIL GST ON GST.GSTID = IP.GSTID
	WHERE B.BILLID = @BillID AND BD.DELETEDBY IS NULL
	ORDER BY BD.SNO
END
GO
/****** Object:  StoredProcedure [dbo].[POS_USP_R_DRAFTBILLS]    Script Date: 12/22/2021 4:48:51 PM ******/
SET ANSI_NULLS ON
GO
SET QUOTED_IDENTIFIER ON
GO
CREATE PROCEDURE [dbo].[POS_USP_R_DRAFTBILLS]
	@DaySequenceID INT
AS
BEGIN
	SELECT B.BILLID, B.BILLNUMBER, SUM(BD.BILLEDAMOUNT) AS BILLEDAMOUNT, SUM(BD.QUANTITY) AS QUANTITY
	FROM 
		POS_BILL B
		INNER JOIN POS_BILLDETAIL BD ON BD.BILLID = B.BILLID
	WHERE B.BILLSTATUS = 2 AND B.DELETEDBY IS NULL AND BD.DELETEDBY IS NULL
	GROUP BY B.BILLID, B.BILLNUMBER
END
GO
/****** Object:  StoredProcedure [dbo].[POS_USP_R_GETNEXTBILL]    Script Date: 12/22/2021 4:48:51 PM ******/
SET ANSI_NULLS ON
GO
SET QUOTED_IDENTIFIER ON
GO
CREATE PROCEDURE [dbo].[POS_USP_R_GETNEXTBILL]
	@UserID INT
	, @DaySequenceID INT
AS
BEGIN
	DECLARE @BillID INT		
	DECLARE @BillNumber BIGINT
	SELECT @BillNumber = CAST(DS.LASTUSEDBILLNUM AS BIGINT) + 1 FROM POS_DAYSEQUENCE DS WHERE DS.DAYSEQUENCEID = @DaySequenceID 

	INSERT INTO POS_BILL(BILLNUMBER, BILLSTATUS, CREATEDBY, CREATEDDATE)
	SELECT @BillNumber, 0, @UserID, GETDATE()
		
	SET @BillID = SCOPE_IDENTITY()

	UPDATE POS_DAYSEQUENCE
	SET LASTUSEDBILLNUM = @BillNumber, OPENBILLID = @BillID
	WHERE DAYSEQUENCEID = @DaySequenceID

	EXEC POS_USP_R_BILL @BillID, @DaySequenceID
END
GO
/****** Object:  StoredProcedure [dbo].[POS_USP_R_ITEMCODES]    Script Date: 12/22/2021 4:48:51 PM ******/
SET ANSI_NULLS ON
GO
SET QUOTED_IDENTIFIER ON
GO
CREATE PROCEDURE [dbo].[POS_USP_R_ITEMCODES]
AS
BEGIN
	SELECT 
		IC.ITEMCODEID
		, IC.ITEMCODE
		, I.ITEMNAME
		, IC.FREEITEMCODEID
	FROM 
		POS_ITEMCODE IC 
		INNER JOIN POS_ITEM I ON I.ITEMID = IC.ITEMID
	WHERE IC.DELETEDDATE IS NULL
END
GO
/****** Object:  StoredProcedure [dbo].[POS_USP_R_ITEMMRPLIST]    Script Date: 12/22/2021 4:48:51 PM ******/
SET ANSI_NULLS ON
GO
SET QUOTED_IDENTIFIER ON
GO
CREATE PROC [dbo].[POS_USP_R_ITEMMRPLIST]
	@ItemCodeID INT
AS
BEGIN
	SELECT
		IP.ITEMPRICEID, IP.MRP, IP.SALEPRICE, GST.GSTID, GST.GSTCODE, GST.SGST, GST.CGST, GST.IGST, GST.CESS
	FROM
		POS_ITEMPRICE IP
		INNER JOIN POS_GSTDETAIL GST ON GST.GSTID = IP.GSTID
	WHERE IP.ITEMCODEID = @ItemCodeID
END
GO
/****** Object:  StoredProcedure [dbo].[POS_USP_R_LOAD]    Script Date: 12/22/2021 4:48:51 PM ******/
SET ANSI_NULLS ON
GO
SET QUOTED_IDENTIFIER ON
GO
CREATE PROCEDURE [dbo].[POS_USP_R_LOAD]
@UserID INT, @BranchCounterID INT
AS
BEGIN
	DECLARE @DaySequenceID INT

	SELECT TOP 1 @DaySequenceID = DAYSEQUENCEID FROM POS_DAYSEQUENCE ORDER BY OPENDATE DESC 

	IF ISNULL(@DaySequenceID, 0) = 0 OR (SELECT OPENDATE FROM POS_DAYSEQUENCE WHERE DAYSEQUENCEID = @DaySequenceID) <> CAST(GETDATE() AS DATE)
	BEGIN
		INSERT INTO POS_DAYSEQUENCE(OPENDATE, BRANCHCOUNTERID)
		SELECT CAST(GETDATE() AS DATE), @BranchCounterID

		SET @DaySequenceID = SCOPE_IDENTITY()
	END
	ELSE IF (SELECT ISCLOSED FROM POS_DAYSEQUENCE WHERE DAYSEQUENCEID = @DaySequenceID) = 1
	BEGIN 
		SELECT 'Billing closed'
		RETURN
	END

	DECLARE @LastBillNum BIGINT
	SELECT @LastBillNum = ISNULL(CAST(LASTUSEDBILLNUM AS BIGINT), 0) FROM POS_DAYSEQUENCE WHERE DAYSEQUENCEID = @DaySequenceID

	IF @LastBillNum = 0
	BEGIN
		SELECT @LastBillNum = FORMAT(GETDATE(), 'yyyyMMdd') + '000000'

		UPDATE POS_DAYSEQUENCE
		SET LASTUSEDBILLNUM = @LastBillNum
		WHERE DAYSEQUENCEID = @DaySequenceID
	END
	
	SELECT @DaySequenceID AS DAYSEQUENCEID

	-- find open bill for that particular user
	DECLARE @OpenBillID INT
	SELECT @OpenBillID = OPENBILLID
	FROM 
		POS_DAYSEQUENCE DS 
		INNER JOIN POS_BILL B ON B.CREATEDBY = @UserID
	WHERE DAYSEQUENCEID = @DaySequenceID

	IF ISNULL(@OpenBillID, 0) = 0
	BEGIN
		EXEC POS_USP_R_GETNEXTBILL @UserID, @DaySequenceID
	END
	ELSE
	BEGIN
		EXEC POS_USP_R_BILL @OpenBillID, @DaySequenceID
	END
END
GO
/****** Object:  StoredProcedure [dbo].[POS_USP_R_MOP]    Script Date: 12/22/2021 4:48:51 PM ******/
SET ANSI_NULLS ON
GO
SET QUOTED_IDENTIFIER ON
GO
CREATE PROCEDURE [dbo].[POS_USP_R_MOP]
AS
BEGIN
	SELECT MOP.MOPID, MOP.MOPNAME, 0.00 AS MOPVALUE FROM POS_TBLMOP MOP WHERE MOP.DELETEDDATE IS NULL
END
GO
--ALTER DATABASE [D:\PROGRAMMING\SKUMB\SOURCE\NSRETAILPOS\NSRETAILPOS\NSRETAILPOS\NSRETAILPOS.MDF] SET  READ_WRITE 
--GO
